sal_code_2021,suburb,population_2021
SAL50002,Abbey,1321
SAL10002,Abbotsbury,4200
SAL10003,Abbotsford (NSW),5431
SAL20002,Abbotsford (Vic.),9088
SAL10004,Abercrombie,1127
SAL10006,Aberdare,2542
SAL10007,Aberdeen (NSW),2051
SAL20003,Aberfeldie,3925
SAL40001,Aberfoyle Park,11234
SAL10009,Aberglasslyn,6552
SAL10010,Abermain,2544
SAL10014,Acacia Gardens,3668
SAL30007,Acacia Ridge,7486
SAL80017,Acton (ACT),2848
SAL60005,Acton (Tas.),1377
SAL60006,Acton Park (Tas.),2293
SAL10016,Adamstown,6335
SAL10017,Adamstown Heights,5621
SAL30009,Adare,1027
SAL40002,Adelaide,18202
SAL30014,Agnes Water,2729
SAL80018,Ainslie,5376
SAL20011,Aintree,7982
SAL10022,Airds,3265
SAL30016,Airlie Beach,1312
SAL20015,Airport West,8173
SAL30018,Aitkenvale,4797
SAL70003,Alawa,2078
SAL20017,Albanvale,5641
SAL50006,Albany,1403
SAL30020,Albany Creek,16385
SAL40006,Albert Park (SA),1780
SAL20018,Albert Park (Vic.),6044
SAL40007,Alberton (SA),1860
SAL30024,Albion (Brisbane - Qld),3446
SAL20021,Albion (Vic.),4334
SAL10025,Albion Park,13826
SAL10026,Albion Park Rail,6920
SAL10027,Albury,4955
SAL10028,Aldavilla,1443
SAL30026,Alderley,6748
SAL30027,Aldershot,1311
SAL40008,Aldgate,3471
SAL40010,Aldinga Beach,10667
SAL50008,Alexander Heights,7772
SAL20022,Alexandra (Vic.),2801
SAL30030,Alexandra Headland,4235
SAL30031,Alexandra Hills,16472
SAL10030,Alexandria,9649
SAL10031,Alfords Point,3131
SAL50010,Alfred Cove,2830
SAL20023,Alfredton,11822
SAL30032,Algester,9020
SAL30034,Alice River,2685
SAL50011,Alkimos,10203
SAL10036,Allambie Heights,7317
SAL20028,Allansford,1410
SAL10038,Allawah,5351
SAL40012,Allenby Gardens,2045
SAL30037,Allenstown,2762
SAL30040,Alligator Creek (Townsville - Qld),1550
SAL30041,Allora,1205
SAL20034,Alphington,5702
SAL10046,Alstonville,5912
SAL30047,Alton Downs,1324
SAL20035,Altona (Vic.),11490
SAL20036,Altona Meadows,18479
SAL20037,Altona North,12962
SAL80019,Amaroo (ACT),6129
SAL10049,Ambarvale,7254
SAL30059,Andergrove,9924
SAL40026,Andrews Farm,8699
SAL40029,Angaston,2202
SAL40030,Angle Park,1555
SAL40031,Angle Vale,4051
SAL20046,Anglesea,3208
SAL10061,Anna Bay,4221
SAL10062,Annandale (NSW),9487
SAL30063,Annandale (Qld),8376
SAL10063,Annangrove,1472
SAL30064,Annerley,11891
SAL30065,Anstead,1522
SAL70014,Anula,2385
SAL20049,Apollo Bay (Vic.),1790
SAL10064,Appin (NSW),3213
SAL50022,Applecross,7228
SAL70015,Araluen (NT),2673
SAL30074,Arana Hills,6971
SAL80020,Aranda,2605
SAL20053,Ararat,8500
SAL10073,Arcadia (NSW),1475
SAL10074,Arcadia Vale,1431
SAL20062,Ardeer,3170
SAL50024,Ardross,4578
SAL40039,Ardrossan,1269
SAL10079,Argenton,1352
SAL20066,Armadale (Vic.),9368
SAL50026,Armadale (WA),13415
SAL10086,Armidale,23967
SAL20068,Armstrong Creek (Vic.),11247
SAL10087,Arncliffe,12023
SAL30086,Aroona,3466
SAL30087,Arriga,1323
SAL10091,Artarmon,9417
SAL30088,Arundel,11171
SAL30089,Ascot (Brisbane - Qld),6531
SAL20074,Ascot (Greater Bendigo - Vic.),2571
SAL50031,Ascot (WA),3095
SAL40044,Ascot Park,3588
SAL20075,Ascot Vale,15197
SAL20077,Ashburton,7952
SAL10094,Ashbury,3353
SAL50032,Ashby (WA),2850
SAL10098,Ashcroft,3634
SAL10099,Ashfield (NSW),23012
SAL30091,Ashfield (Qld),1152
SAL50034,Ashfield (WA),1395
SAL40046,Ashford (SA),1157
SAL30092,Ashgrove,13450
SAL10102,Ashmont,3747
SAL30093,Ashmore,12415
SAL10103,Ashtonfield,4589
SAL20078,Ashwood,7154
SAL20079,Aspendale,7285
SAL20080,Aspendale Gardens,6427
SAL30095,Aspley,12871
SAL10104,Asquith,6160
SAL40049,Athelstone,9601
SAL30096,Atherton,7724
SAL40050,Athol Park,2023
SAL50035,Attadale,6638
SAL20082,Attwood,3309
SAL50036,Atwell,9287
SAL50037,Aubin Grove,6786
SAL10107,Auburn (NSW),39333
SAL30101,Auchenflower,6053
SAL50038,Augusta,1463
SAL30103,Augustine Heights,6088
SAL30104,Aurukun,1101
SAL10109,Austinmer,2725
SAL60022,Austins Ferry,2395
SAL10110,Austral,6847
SAL50039,Australind,15988
SAL10112,Avalon Beach,10379
SAL50040,Aveley,13998
SAL20086,Avenel,1112
SAL30106,Avenell Heights,5028
SAL30107,Avoca (Qld),4912
SAL20087,Avoca (Vic.),1356
SAL10115,Avoca Beach,4708
SAL10117,Avondale (NSW),1695
SAL20089,Avondale Heights,12388
SAL30110,Ayr,8603
SAL30111,Babinda (Qld),1287
SAL20095,Bacchus Marsh,7808
SAL20097,Badger Creek,1610
SAL60026,Bagdad,1482
SAL30116,Bahrs Scrub,4508
SAL20103,Bairnsdale,7905
SAL30119,Bakers Creek (Qld),1590
SAL50051,Bakers Hill,1276
SAL70022,Bakewell,3091
SAL20105,Balaclava (Vic.),5392
SAL40062,Balaklava,2083
SAL50053,Balcatta,10813
SAL10146,Balcolyn,1002
SAL30123,Bald Hills (Qld),7000
SAL50054,Baldivis,37697
SAL50055,Balga,13864
SAL10154,Balgowlah,8068
SAL10155,Balgowlah Heights,3546
SAL10156,Balgownie,5722
SAL40066,Balhannah,1756
SAL50061,Ballajura,18459
SAL20108,Ballan,3392
SAL20111,Ballarat Central,5378
SAL20112,Ballarat East,5937
SAL20113,Ballarat North,4041
SAL10163,Ballina,9735
SAL10165,Balmain,10454
SAL10166,Balmain East,1900
SAL30132,Balmoral (Qld),4173
SAL20120,Balnarring,2371
SAL10169,Balranald,1240
SAL20123,Balwyn,13495
SAL20124,Balwyn North,21302
SAL30135,Bamaga,1186
SAL10175,Bangalow,2752
SAL10178,Bangor (NSW),5536
SAL50068,Banjup,1377
SAL80021,Banks,5100
SAL10179,Banksia,3277
SAL30146,Banksia Beach,7180
SAL50069,Banksia Grove,11351
SAL40070,Banksia Park,3346
SAL10181,Bankstown,34933
SAL20133,Bannockburn (Vic.),6470
SAL10186,Banora Point,16460
SAL30148,Banyo,6105
SAL10188,Bar Beach,1292
SAL20136,Baranduda,3041
SAL30153,Barcaldine,1540
SAL10194,Barden Ridge,4129
SAL10195,Bardia,5747
SAL30154,Bardon,10153
SAL10196,Bardwell Park,2320
SAL10197,Bardwell Valley,2344
SAL30156,Barellan Point,1173
SAL30157,Bargara,8883
SAL10199,Bargo,4516
SAL10200,Barham,1569
SAL30159,Baringa,4604
SAL40073,Barmera,2884
SAL30168,Barney Point,1065
SAL10205,Barnsley,1735
SAL10206,Barooga,1888
SAL10207,Barraba,1329
SAL10208,Barrack Heights,6003
SAL80022,Barton,1946
SAL20162,Barwon Heads,4353
SAL10223,Basin View,1583
SAL10224,Bass Hill,10230
SAL50078,Bassendean (WA),10837
SAL10227,Bateau Bay,12516
SAL10228,Batehaven,1911
SAL50079,Bateman,3832
SAL10229,Batemans Bay,1573
SAL20165,Batesford,1141
SAL10231,Bathurst,7001
SAL10232,Batlow,1270
SAL30183,Battery Hill,2596
SAL60033,Battery Point,2096
SAL10233,Baulkham Hills,37415
SAL20169,Baxter,2166
SAL50081,Baynton (WA),4496
SAL50082,Bayonet Head,3272
SAL20173,Bayswater (Vic.),12262
SAL50083,Bayswater (WA),15288
SAL20174,Bayswater North,9014
SAL10237,Bayview (NSW),3807
SAL70025,Bayview (NT),1702
SAL30188,Bayview Heights,4175
SAL50084,Beachlands,1400
SAL30190,Beachmere,4782
SAL10238,Beacon Hill,7814
SAL10239,Beaconsfield (NSW),1172
SAL30191,Beaconsfield (Qld),5899
SAL60034,Beaconsfield (Tas.),1362
SAL20175,Beaconsfield (Vic.),7267
SAL50086,Beaconsfield (WA),5315
SAL20176,Beaconsfield Upper,2997
SAL30193,Beaudesert,6752
SAL20181,Beaufort (Vic.),1712
SAL20182,Beaumaris (Vic.),13947
SAL40085,Beaumont (SA),2731
SAL10243,Beaumont Hills,9041
SAL60036,Beauty Point,1285
SAL50090,Beckenham,9092
SAL50091,Bedford,5716
SAL40087,Bedford Park,1882
SAL50092,Bedfordale,3038
SAL50093,Beechboro,9112
SAL20186,Beechworth,4274
SAL10249,Beecroft,10291
SAL50098,Beeliar,8617
SAL30202,Beenleigh,8425
SAL30205,Beerwah,7734
SAL10253,Bega,5013
SAL40089,Belair,4718
SAL80024,Belconnen,8502
SAL50102,Beldon,4094
SAL10257,Belfield,6555
SAL30209,Belgian Gardens,2073
SAL20188,Belgrave,3894
SAL20189,Belgrave Heights,1398
SAL20190,Belgrave South,1670
SAL20191,Bell Park,5602
SAL20192,Bell Post Hill,5083
SAL10263,Bella Vista,8384
SAL70027,Bellamack,2423
SAL10264,Bellambi,4039
SAL30213,Bellara,3278
SAL10268,Bellbird,2338
SAL30214,Bellbird Park,9191
SAL30215,Bellbowrie,5495
SAL20195,Bellbrae,1346
SAL60039,Bellerive,4945
SAL50104,Bellevue (WA),1514
SAL40092,Bellevue Heights,2712
SAL10271,Bellevue Hill,10590
SAL20198,Bellfield (Banyule - Vic.),1996
SAL10273,Bellingen,3923
SAL30220,Bellmere,6588
SAL10276,Belmont (NSW),7289
SAL30224,Belmont (Qld),4498
SAL20201,Belmont (Vic.),15066
SAL50105,Belmont (WA),6959
SAL10277,Belmont North,6291
SAL10278,Belmont South,1053
SAL10279,Belmore,13781
SAL10283,Belrose,8726
SAL20204,Benalla,10822
SAL30230,Benaraby,1166
SAL20208,Bendigo,5652
SAL50110,Bennett Springs,5929
SAL30235,Benowa,9889
SAL10297,Bensville,2500
SAL20214,Bentleigh,17921
SAL20215,Bentleigh East,30159
SAL50111,Bentley (WA),9051
SAL30236,Bentley Park,8360
SAL10299,Berala,8757
SAL10301,Beresfield,3267
SAL50112,Beresford,1463
SAL10303,Berkeley,7798
SAL10304,Berkeley Vale,8951
SAL10305,Berkshire Park,2149
SAL10307,Bermagui,1865
SAL10308,Berowra,4762
SAL10309,Berowra Heights,5286
SAL40098,Berri,4143
SAL10315,Berridale,1300
SAL60042,Berriedale,2905
SAL10317,Berrigan,1264
SAL70029,Berrimah,1199
SAL30240,Berrinba,2615
SAL10321,Berry,3098
SAL30241,Berserker,7020
SAL50115,Bertram,6196
SAL20224,Berwick,50298
SAL30242,Bethania,6333
SAL40101,Beulah Park,1601
SAL20233,Beveridge,4642
SAL40102,Beverley (SA),1578
SAL50116,Beverley (WA),1109
SAL10329,Beverley Park,2646
SAL10330,Beverly Hills,10483
SAL10333,Bexley,19646
SAL10334,Bexley North,4281
SAL50117,Bibra Lake,5892
SAL60044,Bicheno,1049
SAL50119,Bicton,6961
SAL10339,Bidwill (NSW),4202
SAL30249,Biggera Waters,9973
SAL10347,Bilambil Heights,3491
SAL10350,Bilgola Plateau,3650
SAL30250,Bilinga,1883
SAL50123,Bilingurr,1540
SAL30252,Biloela,5692
SAL50126,Bindoon,1215
SAL10364,Bingara,1318
SAL50129,Binningup,1296
SAL10373,Birchgrove,3228
SAL40109,Birdwood (SA),1376
SAL30261,Birkdale,14816
SAL40110,Birkenhead,1798
SAL10376,Birmingham Gardens,2598
SAL10378,Birrong,3331
SAL30264,Birtinya,4378
SAL20248,Bittern,4276
SAL40111,Black Forest,1982
SAL20249,Black Hill (Vic.),2124
SAL30267,Black Mountain (Qld),1560
SAL30268,Black River (Qld),1493
SAL20251,Black Rock (Vic.),6389
SAL30270,Blackall,1365
SAL10389,Blackalls Park,2812
SAL20252,Blackburn,14478
SAL20253,Blackburn North,7627
SAL20254,Blackburn South,10939
SAL10390,Blackbutt (NSW),3291
SAL10391,Blackett,3586
SAL10392,Blackheath,4672
SAL60051,Blackmans Bay,7688
SAL30277,Blacks Beach,4153
SAL10395,Blacksmiths,1881
SAL30279,Blackstone,1144
SAL60052,Blackstone Heights,1245
SAL10396,Blacktown,50961
SAL10398,Blackwall (NSW),1941
SAL30281,Blackwater,4702
SAL40119,Blackwood (SA),4266
SAL10399,Blair Athol (NSW),2725
SAL40120,Blair Athol (SA),5274
SAL20257,Blairgowrie,2786
SAL10402,Blakehurst,6652
SAL40121,Blakeview,8979
SAL10406,Blaxland (NSW),7434
SAL10409,Blayney,3448
SAL30287,Bli Bli,10138
SAL10410,Bligh Park,6220
SAL20260,Blind Bight,1290
SAL10413,Blue Bay,1060
SAL10414,Blue Haven,6563
SAL30292,Bluewater,1085
SAL30293,Bluewater Park,1066
SAL50132,Bluff Point,1381
SAL10420,Boambee,1770
SAL10421,Boambee East,5304
SAL50137,Boddington,1178
SAL10438,Bogangar,3313
SAL10440,Boggabilla,1022
SAL10441,Boggabri,1203
SAL30300,Bohle Plains,3989
SAL30302,Bokarina,1935
SAL10448,Bolton Point,2124
SAL10449,Bolwarra (NSW),1350
SAL10450,Bolwarra Heights,3436
SAL10452,Bomaderry,6738
SAL10454,Bombala,1372
SAL20278,Bonbeach,6855
SAL10462,Bondi,10411
SAL10463,Bondi Beach,11513
SAL10465,Bondi Junction,10361
SAL30309,Bongaree,8162
SAL10466,Bonnells Bay,4066
SAL80025,Bonner,7339
SAL10467,Bonnet Bay,2238
SAL10468,Bonny Hills,3045
SAL10469,Bonnyrigg,9785
SAL10470,Bonnyrigg Heights,7369
SAL30312,Bonogin,4896
SAL10472,Bonville,2939
SAL80026,Bonython,3839
SAL30317,Booie,1094
SAL10475,Booker Bay,1442
SAL10480,Boolaroo,1636
SAL20288,Boolarra,1023
SAL30321,Boonah (Qld),2557
SAL30324,Boondall,9603
SAL50148,Booragoon,5684
SAL10493,Booragul,1623
SAL30329,Booral (Qld),1636
SAL10499,Boorooma,1741
SAL10501,Boorowa,1888
SAL30332,Booval,2723
SAL40142,Bordertown,3095
SAL20304,Boronia,23607
SAL30336,Boronia Heights,8175
SAL10513,Bossley Park,15492
SAL40145,Boston,1169
SAL20307,Botanic Ridge,6739
SAL10515,Botany,12960
SAL50159,Boulder,4872
SAL30339,Bouldercombe,1117
SAL10520,Bourke,1699
SAL10521,Bourkelands,3113
SAL10524,Bow Bowing,1606
SAL40146,Bowden,1808
SAL30342,Bowen,11205
SAL30343,Bowen Hills,4898
SAL10526,Bowen Mountain,1609
SAL10527,Bowenfels,2049
SAL10534,Bowral,10764
SAL10535,Bowraville,1157
SAL10537,Box Hill (NSW),6450
SAL20314,Box Hill (Vic.),14353
SAL20315,Box Hill North,12337
SAL20316,Box Hill South,8491
SAL50169,Boyanup,1304
SAL30346,Boyne Island,4835
SAL50173,Brabham,8665
SAL30353,Bracken Ridge,17488
SAL10540,Bradbury (NSW),9433
SAL80027,Braddon,6383
SAL40153,Brahma Lodge,3380
SAL10544,Braidwood,1720
SAL70039,Braitling,3160
SAL30359,Brandon,1088
SAL10546,Branxton,2255
SAL30361,Branyan,4660
SAL30362,Brassall,12115
SAL30363,Bray Park (Qld),10271
SAL20324,Braybrook,9682
SAL10554,Breakfast Point,4678
SAL20326,Breakwater,1060
SAL30367,Brendale,3100
SAL50178,Brentwood (WA),2153
SAL20330,Briagolong,1133
SAL20331,Briar Hill,3220
SAL30369,Bridgeman Downs,10938
SAL50180,Bridgetown,3168
SAL40158,Bridgewater (SA),3719
SAL60073,Bridgewater (Tas.),4592
SAL60074,Bridport,1742
SAL50181,Brigadoon,1025
SAL20336,Bright (Vic.),2620
SAL30373,Brighton (Qld),9664
SAL40160,Brighton (SA),3834
SAL60075,Brighton (Tas.),4983
SAL20337,Brighton (Vic.),23252
SAL20338,Brighton East,16757
SAL10566,Brighton-Le-Sands,8336
SAL10572,Bringelly,2433
SAL70040,Brinkin,1117
SAL30377,Brinsmead,5537
SAL30379,Brisbane City,12587
SAL30380,Broadbeach,6786
SAL30381,Broadbeach Waters,8164
SAL20345,Broadford,4592
SAL10575,Broadmeadow,1688
SAL20346,Broadmeadows (Vic.),12524
SAL40164,Broadview,4450
SAL50183,Broadwater (WA),4269
SAL10589,Broken Hill,17706
SAL40165,Brompton,3729
SAL10591,Bronte,7166
SAL50187,Brookdale (WA),2968
SAL30386,Brookfield (Qld),3640
SAL20351,Brookfield (Vic.),10782
SAL20352,Brooklyn (Vic.),1979
SAL40167,Brooklyn Park,5040
SAL10598,Brookvale,3389
SAL30390,Brookwater,2902
SAL50190,Broome,3797
SAL10605,Broulee,1947
SAL20356,Brown Hill (Vic.),4489
SAL30395,Browns Plains (Qld),6632
SAL80028,Bruce (ACT),7520
SAL20361,Brunswick (Vic.),24896
SAL50197,Brunswick (WA),1195
SAL20362,Brunswick East,13279
SAL10618,Brunswick Heads,1905
SAL20363,Brunswick West,14746
SAL30402,Bucasia,4915
SAL30403,Bucca (Qld),1063
SAL30404,Buccan,2134
SAL30407,Buddina,4236
SAL30408,Buderim,31430
SAL10639,Budgewoi,3497
SAL10642,Buff Point,3559
SAL10646,Bulahdelah,1538
SAL50200,Bulgarra,2990
SAL30412,Bulimba,7623
SAL50201,Bull Creek (WA),8030
SAL10653,Bullaburra,1300
SAL20386,Bulleen,11219
SAL10659,Bulli,6798
SAL50207,Bullsbrook,5605
SAL50210,Bunbury (WA),3948
SAL30421,Bundaberg East,2839
SAL30422,Bundaberg North,5563
SAL30423,Bundaberg South,3494
SAL30424,Bundaberg West,2596
SAL30425,Bundall,4895
SAL30426,Bundamba,6542
SAL10667,Bundanoon (NSW),2869
SAL10669,Bundeena,2103
SAL20399,Bundoora (Vic.),28068
SAL30431,Bungalow,2358
SAL10679,Bungarribee,3177
SAL10681,Bungendore,4745
SAL20409,Buninyong,3797
SAL30437,Bunya,1968
SAL20411,Bunyip,3131
SAL30440,Burbank,1051
SAL30441,Burdell,7171
SAL30445,Burleigh Heads,10572
SAL30446,Burleigh Waters,14556
SAL30449,Burnett Heads,2908
SAL50221,Burns Beach,4071
SAL30450,Burnside (Qld),3104
SAL40192,Burnside (SA),3060
SAL20419,Burnside (Vic.),5800
SAL20420,Burnside Heights,6377
SAL10693,Buronga,1252
SAL30451,Burpengary,16488
SAL30452,Burpengary East,9654
SAL40193,Burra (SA),1112
SAL10698,Burradoo,2879
SAL10702,Burraneer,3719
SAL10709,Burrill Lake,1782
SAL30455,Burrum Heads,2538
SAL50226,Burswood,2779
SAL40196,Burton (SA),6519
SAL10716,Burwood (NSW),18224
SAL20426,Burwood (Vic.),15147
SAL20427,Burwood East,10675
SAL10717,Burwood Heights,1134
SAL10718,Busby,4446
SAL30460,Bushland Beach,6641
SAL50228,Busselton,1838
SAL50229,Butler (WA),13473
SAL10721,Buttaba,1204
SAL10724,Buxton (NSW),2071
SAL50230,Byford,18878
SAL10731,Byron Bay,6330
SAL10733,Bywong,1342
SAL10734,Cabarita (NSW),1933
SAL30470,Cabarlah,1307
SAL50231,Cable Beach,5730
SAL30471,Caboolture,29534
SAL30472,Caboolture South,7539
SAL10738,Cabramatta,21142
SAL10739,Cabramatta West,7822
SAL10741,Caddens,3487
SAL20441,Cairnlea,10038
SAL30478,Cairns City,3616
SAL30479,Cairns North,5334
SAL10747,Calala,4577
SAL30480,Calamvale,17994
SAL10749,Calderwood,3013
SAL20444,California Gully,4476
SAL50235,Calista,1975
SAL10754,Callaghan,1358
SAL10756,Callala Bay,2234
SAL30491,Calliope (Qld),5263
SAL30492,Caloundra,3932
SAL30493,Caloundra West,7270
SAL80029,Calwell,5730
SAL20453,Camberwell (Vic.),21965
SAL10763,Cambewarra Village,1211
SAL30496,Cambooya,2260
SAL60090,Cambridge (Tas.),1454
SAL10766,Cambridge Gardens,2030
SAL10767,Cambridge Park,7054
SAL10769,Camden,3378
SAL10771,Camden Park (NSW),2233
SAL40211,Camden Park (SA),3338
SAL10772,Camden South,4595
SAL10774,Cameron Park,9977
SAL50240,Camillo,4442
SAL30501,Camira (Qld),7415
SAL10777,Cammeray,7088
SAL30504,Camp Hill,12254
SAL30505,Camp Mountain,1447
SAL60093,Campania,1158
SAL80030,Campbell,6564
SAL60094,Campbell Town,1023
SAL20455,Campbellfield,4977
SAL20457,Campbells Creek,2071
SAL10779,Campbelltown (NSW),16577
SAL40212,Campbelltown (SA),9263
SAL10780,Camperdown (NSW),9381
SAL20460,Camperdown (Vic.),3354
SAL10781,Campsie,26132
SAL10784,Canada Bay,1308
SAL20461,Canadian,4098
SAL10790,Canley Heights,12320
SAL10791,Canley Vale,10300
SAL50245,Canning Vale,34504
SAL50246,Cannington,6875
SAL30519,Cannon Hill,6701
SAL30520,Cannon Valley,1131
SAL30521,Cannonvale,6596
SAL10795,Canowindra,2437
SAL10796,Canterbury (NSW),9430
SAL20468,Canterbury (Vic.),7800
SAL10797,Canton Beach,1202
SAL30523,Canungra,1436
SAL30524,Capalaba,18002
SAL20473,Cape Paterson,1111
SAL20475,Cape Woolamai,2301
SAL50251,Capel,2606
SAL20476,Capel Sound,5246
SAL30533,Caravonica,2183
SAL30535,Carbrook,1330
SAL10808,Cardiff (NSW),6318
SAL10809,Cardiff Heights,1384
SAL10810,Cardiff South,2931
SAL20485,Cardigan,1064
SAL50260,Cardup,1163
SAL30537,Cardwell,1320
SAL50261,Carey Park,5155
SAL30538,Carina (Qld),11678
SAL30539,Carina Heights,7103
SAL30540,Carindale,16535
SAL50262,Carine,7330
SAL10814,Caringbah,12575
SAL10815,Caringbah South,13168
SAL20492,Carisbrook,1192
SAL10817,Carlingford,28044
SAL50263,Carlisle,6733
SAL10818,Carlton (NSW),10631
SAL60099,Carlton (Tas.),1363
SAL20495,Carlton (Vic.),16055
SAL20496,Carlton North,6177
SAL20498,Carnegie,17909
SAL10819,Carnes Hill,3332
SAL20500,Caroline Springs,24488
SAL10825,Carramar (NSW),3475
SAL50269,Carramar (WA),7178
SAL30550,Carrara,13138
SAL10829,Carrington (Newcastle - NSW),2061
SAL20507,Carrum,4239
SAL20508,Carrum Downs,21976
SAL30553,Carseldine,10093
SAL10836,Carss Park,1265
SAL10837,Cartwright,2616
SAL10840,Carwoola,1602
SAL80033,Casey,6471
SAL30556,Cashmere,4970
SAL10842,Casino,10930
SAL20513,Casterton,1673
SAL10844,Castle Cove,2643
SAL10846,Castle Hill (NSW),40874
SAL10848,Castlecrag,2965
SAL20516,Castlemaine,7506
SAL10849,Castlereagh,1248
SAL50273,Castletown,3968
SAL10850,Casuarina (NSW),3256
SAL50274,Casuarina (WA),1987
SAL10851,Casula,16584
SAL10852,Catalina,2522
SAL10855,Catherine Field,2609
SAL10858,Cattai,1077
SAL20521,Caulfield,5748
SAL20522,Caulfield East,1293
SAL20523,Caulfield North,16903
SAL20524,Caulfield South,12328
SAL50277,Caversham,7419
SAL10861,Caves Beach,4016
SAL10864,Cecil Hills,6906
SAL30569,Cedar Grove,1992
SAL30571,Cedar Vale,2856
SAL40237,Ceduna,1955
SAL30574,Centenary Heights,6152
SAL10872,Centennial Park (NSW),2225
SAL10877,Cessnock,16300
SAL20528,Chadstone,9552
SAL10879,Chain Valley Bay,2773
SAL30577,Chambers Flat,2718
SAL50281,Champion Lakes,1355
SAL30579,Chandler (Qld),1475
SAL30580,Chapel Hill (Qld),10511
SAL80034,Chapman,2867
SAL20533,Charlemont,2612
SAL10884,Charlestown (NSW),13601
SAL30582,Charleville,2992
SAL20535,Charlton (Vic.),1095
SAL10888,Charmhaven,2501
SAL80035,Charnwood,3055
SAL30585,Charters Towers City,2219
SAL10891,Chatswood,25553
SAL10892,Chatswood West,1521
SAL30586,Chatsworth (Qld),1353
SAL30588,Chelmer,3325
SAL20537,Chelsea,8347
SAL20538,Chelsea Heights,5393
SAL10895,Cheltenham (NSW),2166
SAL40248,Cheltenham (SA),2236
SAL20539,Cheltenham (Vic.),23992
SAL30592,Cherbourg,1194
SAL30593,Chermside,11426
SAL30594,Chermside West,6965
SAL10897,Cherrybrook,19082
SAL10898,Chester Hill,14007
SAL50290,Chidlow,1821
SAL80036,Chifley (ACT),2680
SAL10900,Chifley (NSW),3490
SAL60110,Chigwell,2050
SAL30600,Childers (Qld),1682
SAL20551,Chiltern,1580
SAL30602,Chinchilla,7068
SAL10904,Chinderah,1639
SAL10906,Chippendale,7803
SAL10907,Chipping Norton,9412
SAL20556,Chirnside Park,11779
SAL80037,Chisholm (ACT),5268
SAL10908,Chisholm (NSW),4577
SAL10909,Chiswick,2909
SAL10910,Chittaway Bay,1987
SAL50291,Chittering,1034
SAL40256,Christie Downs,5239
SAL40257,Christies Beach,5962
SAL90001,Christmas Island,1692
SAL10914,Church Point,1066
SAL30607,Churchill (Qld),1842
SAL20561,Churchill (Vic.),4924
SAL50293,Churchlands,3638
SAL30608,Chuwar,2178
SAL80038,City,4835
SAL50294,City Beach,6805
SAL40258,Clapham,1685
SAL40259,Clare (SA),3238
SAL60113,Claremont (Tas.),8397
SAL50296,Claremont (WA),9248
SAL10917,Claremont Meadows,5177
SAL40260,Clarence Gardens,2373
SAL40261,Clarence Park,2658
SAL10919,Clarence Town,2265
SAL60115,Clarendon Vale,1635
SAL20566,Clarinda,7441
SAL50297,Clarkson,13904
SAL30617,Clayfield,10897
SAL10923,Claymore,2579
SAL20569,Clayton,18988
SAL20570,Clayton South,13381
SAL30618,Clear Island Waters,4395
SAL40266,Clearview,4261
SAL10927,Clemton Park,1676
SAL30621,Clermont,2952
SAL30622,Cleveland (Qld),15850
SAL10931,Cliftleigh,2309
SAL30624,Clifton (Qld),1490
SAL30625,Clifton Beach (Qld),3192
SAL20574,Clifton Hill,6606
SAL20575,Clifton Springs,7646
SAL30626,Clinton (Qld),6170
SAL30628,Cloncurry,3167
SAL30629,Clontarf (Moreton Bay - Qld),8446
SAL10934,Clontarf (NSW),1746
SAL10937,Clovelly,4887
SAL40272,Clovelly Park,3126
SAL50301,Cloverdale,8864
SAL20580,Clunes (Vic.),1844
SAL20581,Clyde (Vic.),11177
SAL20582,Clyde North,31681
SAL10942,Coal Point,1749
SAL10948,Cobar,3603
SAL10953,Cobbitty,4206
SAL20590,Cobblebank,3601
SAL20591,Cobden,1804
SAL20592,Cobram,6148
SAL20596,Coburg,26574
SAL20597,Coburg North,8327
SAL20600,Cockatoo (Vic.),4408
SAL50304,Cockburn Central,1521
SAL70059,Coconut Grove,2892
SAL30644,Coes Creek,1515
SAL10959,Coffs Harbour,27089
SAL20604,Cohuna,2415
SAL20607,Colac,9243
SAL20613,Coldstream (Vic.),2199
SAL10964,Coleambally,1152
SAL10965,Colebee,4914
SAL10966,Coledale,1372
SAL20614,Coleraine,1062
SAL10970,Collaroy (NSW),7944
SAL10971,Collaroy Plateau,4805
SAL50309,College Grove,1821
SAL50310,Collie (WA),7599
SAL20616,Collingwood (Vic.),9179
SAL30651,Collingwood Park (Qld),9246
SAL30652,Collinsville (Qld),1496
SAL40285,Collinswood,1496
SAL10985,Colo Vale,1775
SAL40286,Colonel Light Gardens,3311
SAL10987,Colyton,8770
SAL10996,Como (NSW),4053
SAL50316,Como (WA),14786
SAL10999,Concord,14551
SAL11000,Concord West,6178
SAL11001,Condell Park,13066
SAL80039,Conder,5108
SAL11002,Condobolin,3185
SAL30664,Condon,5894
SAL11010,Coniston,2267
SAL11013,Connells Point,2884
SAL50318,Connolly,3675
SAL11014,Constitution Hill,4030
SAL40295,Coober Pedy,1566
SAL50320,Coodanup,4366
SAL11015,Coogee (NSW),14634
SAL50321,Coogee (WA),5345
SAL80040,Cook,2965
SAL11019,Cooks Hill,3774
SAL30675,Cooktown,2746
SAL11024,Coolah,1262
SAL11025,Coolamon,2275
SAL30680,Coolangatta (Qld),6491
SAL20624,Coolaroo,3193
SAL50324,Coolbellup,5698
SAL50325,Coolbinia,1751
SAL30684,Cooloola Cove,2921
SAL50329,Cooloongup,6696
SAL30686,Coolum Beach,9152
SAL11036,Cooma (NSW),6715
SAL30687,Coombabah,10298
SAL80041,Coombs,4851
SAL30688,Coomera,20225
SAL30691,Coominya,1029
SAL11043,Coonabarabran,3477
SAL11044,Coonamble,2666
SAL30698,Coopers Plains,5675
SAL30700,Cooran,1756
SAL11052,Cooranbong,7077
SAL30702,Cooroibah,2178
SAL30705,Cooroy,4801
SAL30707,Coorparoo,18132
SAL11053,Cootamundra,6885
SAL11056,Copacabana,2809
SAL11063,Coraki,1373
SAL30716,Coral Cove,1462
SAL11070,Cordeaux Heights,4460
SAL30724,Corinda,5555
SAL11073,Corindi Beach,1802
SAL20639,Corinella (Vic.),1181
SAL20640,Corio,15497
SAL11075,Corlette,5699
SAL30727,Cornubia,7810
SAL40314,Coromandel Valley,4380
SAL20644,Coronet Bay,1108
SAL11080,Corowa,5595
SAL11082,Corrimal,6972
SAL20648,Corryong,1352
SAL70065,Cossack (NT),1293
SAL30731,Cotswold Hills,1620
SAL50343,Cottesloe,7750
SAL11094,Coutts Crossing,1053
SAL40318,Cowandilla,1455
SAL50347,Cowaramup,2482
SAL40319,Cowell,1124
SAL20657,Cowes,6593
SAL11099,Cowra,10145
SAL80042,Crace,4800
SAL40322,Crafers,2006
SAL40323,Crafers West,1307
SAL40324,Craigburn Farm,3099
SAL50350,Craigie (WA),6456
SAL20661,Craigieburn,65178
SAL30741,Craiglie,1062
SAL40325,Craigmore,10943
SAL30742,Craignish,2190
SAL20662,Cranbourne,21281
SAL20663,Cranbourne East,24679
SAL20664,Cranbourne North,24683
SAL20665,Cranbourne South,3241
SAL20666,Cranbourne West,19969
SAL30743,Cranbrook (Qld),5844
SAL11105,Cranebrook,15779
SAL30744,Cranley,2281
SAL50353,Crawley,3975
SAL11113,Cremorne (NSW),11263
SAL20670,Cremorne (Vic.),2158
SAL11114,Cremorne Point,2270
SAL11115,Crescent Head,1633
SAL60139,Cressy (Tas.),1149
SAL30750,Crestmead,12271
SAL11116,Crestwood,4936
SAL20672,Creswick,3279
SAL20674,Crib Point,3343
SAL11117,Cringila,2156
SAL11119,Cromer (NSW),8030
SAL11120,Cronulla,17899
SAL11124,Crookwell,2686
SAL11132,Crows Nest (NSW),4974
SAL30759,Crows Nest (Qld),2212
SAL11135,Croydon (NSW),10755
SAL40329,Croydon (SA),1220
SAL20682,Croydon (Vic.),28608
SAL20683,Croydon Hills,4839
SAL20684,Croydon North,8092
SAL11136,Croydon Park (NSW),10929
SAL40330,Croydon Park (SA),4230
SAL20685,Croydon South,4759
SAL40331,Crystal Brook (SA),1537
SAL11147,Culburra Beach,2946
SAL11148,Culcairn,1483
SAL11155,Cumbalum,2211
SAL40335,Cumberland Park,2571
SAL11162,Cundletown,2050
SAL30767,Cunnamulla,1233
SAL11168,Curl Curl,2364
SAL20697,Curlewis (Vic.),4175
SAL30769,Curra,2104
SAL30771,Currajong,2490
SAL50367,Currambine,6834
SAL11176,Currans Hill,5541
SAL30773,Currimundi,6570
SAL30774,Currumbin,3278
SAL30775,Currumbin Valley,2084
SAL30776,Currumbin Waters,9797
SAL80043,Curtin,5569
SAL60143,Cygnet,1742
SAL11186,Daceyville,1146
SAL50371,Daglish,1551
SAL30783,D'Aguilar,1474
SAL30787,Daisy Hill (Qld),6925
SAL30789,Dakabin,5275
SAL30792,Dalby,12758
SAL50374,Dalkeith,4398
SAL20702,Dallas,6762
SAL11192,Dalmeny,2194
SAL50376,Dalyellup,9770
SAL50378,Dampier,1282
SAL50380,Dampier Peninsula,1051
SAL20707,Dandenong,30127
SAL20708,Dandenong North,22550
SAL11203,Dapto,10954
SAL50384,Darch,7347
SAL20712,Darley,9190
SAL50389,Darling Downs,1591
SAL30809,Darling Heights,5157
SAL11212,Darling Point,3977
SAL11213,Darlinghurst,10615
SAL40350,Darlington (SA),1275
SAL11215,Darlington (Sydney - NSW),2597
SAL50390,Darlington (WA),3725
SAL11216,Darlington Point,1030
SAL30812,Darra,4098
SAL70073,Darwin City,7149
SAL11221,Davidson,2725
SAL11223,Davistown,2602
SAL40353,Davoren Park,6392
SAL40354,Daw Park,2705
SAL50396,Dawesville,7143
SAL30816,Dayboro,2376
SAL20721,Daylesford,2781
SAL50397,Dayton,5507
SAL30818,Deagon,3773
SAL80044,Deakin,3124
SAL11226,Dean Park,3180
SAL30819,Deception Bay,19573
SAL11229,Dee Why,23354
SAL30821,Deebing Heights,3960
SAL20728,Deepdene (Vic.),2101
SAL20729,Deer Park,18145
SAL30824,Deeragun,4273
SAL20730,Delacombe,5408
SAL20731,Delahey,8077
SAL30829,Delaneys Creek,1366
SAL60148,Deloraine,3035
SAL11237,Denham Court,9129
SAL11239,Deniliquin,7432
SAL11240,Denistone,3726
SAL11241,Denistone East,2292
SAL11243,Denman,1821
SAL80045,Denman Prospect,2759
SAL50404,Denmark,2691
SAL20737,Dennington,1994
SAL50405,Derby (WA),3222
SAL40362,Dernancourt,4063
SAL20743,Derrimut,8651
SAL70078,Desert Springs,1536
SAL20748,Devon Meadows,1551
SAL40364,Devon Park (SA),1185
SAL60156,Devonport,14481
SAL11250,Dharruk,2806
SAL11253,Diamond Beach,1012
SAL20752,Diamond Creek,12503
SAL50409,Dianella,24169
SAL80046,Dickson,3292
SAL30841,Dicky Beach,1921
SAL30843,Diddillibah,1703
SAL20754,Diggers Rest,5669
SAL20756,Dimboola,1635
SAL20758,Dingley Village,10495
SAL30849,Dinmore,1109
SAL50415,Djugun,3291
SAL20766,Docklands,15495
SAL60160,Dodges Ferry,2646
SAL11269,Dolls Point,1633
SAL20770,Donald,1472
SAL20771,Doncaster,25020
SAL20772,Doncaster East,30926
SAL50416,Dongara,1393
SAL20773,Donnybrook (Vic.),2100
SAL50419,Donnybrook (WA),3035
SAL20774,Donvale,12644
SAL30863,Doolandella,7123
SAL30865,Doomadgee,1387
SAL30866,Doonan,3727
SAL11277,Doonside,13614
SAL11279,Dora Creek,1739
SAL20779,Doreen,27122
SAL11280,Dorrigo,1214
SAL11283,Double Bay,4709
SAL50423,Doubleview,9205
SAL30871,Douglas (Townsville - Qld),7780
SAL11285,Douglas Park,1386
SAL40371,Dover Gardens,3062
SAL11286,Dover Heights,4044
SAL20783,Doveton,9603
SAL80047,Downer,4296
SAL30876,Drayton,1813
SAL30877,Drewvale,4779
SAL70080,Driver,2747
SAL20788,Dromana,6626
SAL20790,Drouin,15287
SAL50426,Drummond Cove,1605
SAL11296,Drummoyne,12011
SAL20802,Drysdale,4976
SAL11299,Dubbo,43516
SAL11303,Dudley,2505
SAL50431,Dudley Park (WA),6957
SAL80048,Duffy,3395
SAL40379,Dulwich,1659
SAL11306,Dulwich Hill,14046
SAL11313,Dunbogan,1020
SAL50438,Duncraig,15982
SAL11315,Dundas (NSW),4959
SAL11316,Dundas Valley,5875
SAL30897,Dundowran,1085
SAL30898,Dundowran Beach,2299
SAL11319,Dunedoo,1097
SAL11323,Dungog,1983
SAL80049,Dunlop,7265
SAL50441,Dunsborough,6413
SAL70084,Durack (NT),3730
SAL30905,Durack (Qld),7788
SAL11331,Dural (Hornsby - NSW),7900
SAL30910,Dutton Park,2134
SAL60172,Dynnyrne,1633
SAL30913,Dysart (Qld),2918
SAL20822,Eagle Point,1306
SAL11344,Eagle Vale,5789
SAL30915,Eagleby,13594
SAL20823,Eaglehawk,5538
SAL20825,Eaglemont,3960
SAL30917,Earlville,4200
SAL11346,Earlwood,18053
SAL11347,East Albury,6224
SAL70086,East Arnhem,1194
SAL20827,East Bairnsdale,1352
SAL11348,East Ballina,5882
SAL20828,East Bendigo,2246
SAL11349,East Branxton,1881
SAL30919,East Brisbane,6186
SAL50452,East Bunbury,4019
SAL50453,East Cannington,6512
SAL11351,East Corrimal,3432
SAL60176,East Devonport,4384
SAL50457,East Fremantle,7819
SAL20829,East Geelong,4012
SAL11352,East Gosford,4391
SAL11354,East Hills,3370
SAL30927,East Innisfail,1757
SAL30928,East Ipswich,2321
SAL11355,East Jindabyne,1067
SAL11357,East Kempsey,1336
SAL11358,East Killara,2895
SAL11359,East Kurrajong,2203
SAL60177,East Launceston,2270
SAL11360,East Lindfield,3710
SAL11361,East Lismore,4980
SAL30929,East Mackay,3725
SAL11363,East Maitland,11860
SAL20830,East Melbourne,4896
SAL50464,East Perth,11681
SAL11364,East Ryde,2522
SAL70088,East Side,3098
SAL11366,East Tamworth,5417
SAL30933,East Toowoomba,5953
SAL50468,East Victoria Park,10569
SAL30935,Eastern Heights,3631
SAL11370,Eastgardens,4086
SAL11371,Eastlakes,6347
SAL11372,Eastwood (NSW),18695
SAL20836,Eastwood (Vic.),2855
SAL50472,Eaton (WA),8669
SAL30937,Eatons Hill,7822
SAL11374,Ebenezer (NSW),1081
SAL20838,Echuca,15056
SAL40388,Echunga,1219
SAL11378,Eden,3350
SAL50473,Eden Hill,3703
SAL40389,Eden Hills,3020
SAL20843,Eden Park,1194
SAL30940,Edens Landing,5094
SAL11380,Edensor Park,10279
SAL30941,Edge Hill,4088
SAL11382,Edgecliff,2499
SAL50474,Edgewater,4657
SAL11384,Edgeworth,6401
SAL20848,Edithvale,6276
SAL11386,Edmondson Park,12080
SAL30942,Edmonton,11409
SAL40395,Edwardstown,4514
SAL11389,Eglinton (NSW),3012
SAL50476,Eglinton (WA),3705
SAL30950,Eight Mile Plains,15326
SAL30951,Eimeo,3285
SAL30955,Elanora,12539
SAL11392,Elanora Heights,4581
SAL11394,Elderslie (Camden - NSW),7878
SAL11396,Eleebana,6460
SAL11397,Elermore Vale,6057
SAL30960,Eli Waters,3758
SAL30961,Elimbah,4290
SAL40397,Elizabeth,1033
SAL11398,Elizabeth Bay,4878
SAL40398,Elizabeth Downs,5160
SAL40399,Elizabeth East,4607
SAL40400,Elizabeth Grove,2531
SAL11400,Elizabeth Hills,3208
SAL40401,Elizabeth North,3588
SAL40402,Elizabeth Park,4428
SAL40403,Elizabeth South,2933
SAL40404,Elizabeth Vale,4331
SAL11401,Ellalong,1351
SAL30963,Ellen Grove,3586
SAL50482,Ellenbrook,24668
SAL20859,Elliminyt,3260
SAL30969,Elliott Heads,1160
SAL20864,Elsternwick,10887
SAL20865,Eltham (Vic.),18847
SAL20866,Eltham North,6830
SAL20867,Elwood,15153
SAL50484,Embleton,3600
SAL30973,Emerald (Qld),14904
SAL20868,Emerald (Vic.),5890
SAL11414,Emerald Beach,2677
SAL11416,Emerton,2295
SAL11418,Empire Bay,2522
SAL11420,Emu Heights (NSW),3205
SAL30975,Emu Park,2281
SAL11421,Emu Plains,8126
SAL40410,Encounter Bay,5305
SAL20871,Endeavour Hills,24455
SAL11424,Enfield (NSW),2992
SAL40411,Enfield (SA),6204
SAL11425,Engadine,17736
SAL11428,Enmore (Inner West - NSW),3871
SAL30978,Enoggera,5849
SAL11431,Epping (NSW),29551
SAL20878,Epping (Vic.),33489
SAL20879,Epsom (Vic.),5014
SAL11436,Erina,5205
SAL40412,Erindale,1172
SAL11438,Ermington,12686
SAL50491,Erskine (WA),5429
SAL11441,Erskine Park,6486
SAL11442,Erskineville,9657
SAL11444,Eschol Park,2607
SAL30984,Esk (Qld),1641
SAL50492,Esperance,2080
SAL20885,Essendon,21240
SAL20887,Essendon North,3071
SAL20888,Essendon West,1559
SAL11447,Estella,2541
SAL40415,Ethelton,1487
SAL30987,Etna Creek,1029
SAL11448,Ettalong Beach,5161
SAL30991,Eudlo,1192
SAL20889,Eumemmerring,2285
SAL30996,Eumundi,2504
SAL20892,Euroa,3508
SAL40420,Evandale (SA),1378
SAL60194,Evandale (Tas.),1265
SAL11472,Evans Head,2907
SAL40421,Evanston,2580
SAL40422,Evanston Gardens,2347
SAL40423,Evanston Park,4228
SAL80050,Evatt,5531
SAL40426,Everard Park,1071
SAL31011,Everton Hills,6673
SAL31012,Everton Park,10111
SAL11477,Ewingsdale,1025
SAL11478,Exeter (NSW),1087
SAL40427,Exeter (SA),1066
SAL50497,Exmouth,2806
SAL20899,Eynesbury,2838
SAL40428,Eyre,1113
SAL80051,Fadden,3006
SAL11480,Fairfield (NSW),18596
SAL31014,Fairfield (Qld),3106
SAL20901,Fairfield (Vic.),6535
SAL11481,Fairfield East,5198
SAL11482,Fairfield Heights,8269
SAL11483,Fairfield West,12981
SAL11485,Fairlight,6141
SAL40429,Fairview Park,3792
SAL11487,Fairy Meadow,7512
SAL50500,Falcon,5531
SAL70097,Fannie Bay,2875
SAL11494,Farmborough Heights,4179
SAL70098,Farrar,1650
SAL80052,Farrer,3787
SAL11499,Faulconbridge,4156
SAL20909,Fawkner,14274
SAL40433,Felixstow,2477
SAL11503,Fennell Bay,1780
SAL11504,Fern Bay,4046
SAL50502,Ferndale (WA),4457
SAL20917,Ferntree Gully,27398
SAL31030,Fernvale (Qld),3629
SAL20918,Ferny Creek,1524
SAL31032,Ferny Grove,5871
SAL31033,Ferny Hills,8726
SAL40434,Ferryden Park,4495
SAL31037,Fig Tree Pocket,4345
SAL11518,Figtree,12335
SAL40436,Findon,6997
SAL11521,Fingal Bay,1635
SAL11523,Finley,2455
SAL40438,Firle,1508
SAL80053,Fisher (ACT),3219
SAL11529,Fishing Point,1105
SAL31045,Fitzgibbon,6296
SAL20924,Fitzroy (Vic.),10431
SAL50508,Fitzroy Crossing,1181
SAL20925,Fitzroy North,12781
SAL11533,Five Dock,9823
SAL40444,Flagstaff Hill,10184
SAL31047,Flagstone,7087
SAL20929,Flemington,7025
SAL11536,Fletcher (NSW),8014
SAL11537,Flinders (NSW),7118
SAL20930,Flinders (Vic.),1130
SAL40448,Flinders Park,5489
SAL31054,Flinders View,5816
SAL20931,Flora Hill,3989
SAL11538,Floraville,1814
SAL50510,Floreat,8621
SAL80054,Florey,4781
SAL80055,Flynn (ACT),3671
SAL20935,Footscray,17131
SAL11539,Forbes (NSW),8157
SAL60207,Forcett,1102
SAL80056,Forde,4435
SAL31062,Forest Glen (Qld),1657
SAL11547,Forest Hill (NSW),3081
SAL20937,Forest Hill (Vic.),10780
SAL31064,Forest Lake,22676
SAL11549,Forest Lodge,4965
SAL31067,Forestdale,2560
SAL11551,Forestville (NSW),8659
SAL40453,Forestville (SA),1400
SAL80057,Forrest (ACT),1827
SAL31072,Forrest Beach (Qld),1364
SAL50517,Forrestdale,1027
SAL11552,Forresters Beach,3354
SAL50518,Forrestfield,13181
SAL11553,Forster (NSW),14187
SAL31074,Fortitude Valley,9708
SAL20940,Foster,2044
SAL80058,Franklin (ACT),7484
SAL60215,Franklin (Tas.),1301
SAL20947,Frankston,37331
SAL20948,Frankston North,5711
SAL20949,Frankston South,18801
SAL80059,Fraser,2126
SAL20950,Fraser Rise,9097
SAL11564,Frederickton,1452
SAL40464,Freeling,2688
SAL11567,Freemans Reach,2049
SAL50522,Fremantle,9251
SAL11571,Frenchs Forest,14267
SAL31086,Frenchville,8982
SAL11572,Freshwater (NSW),9186
SAL31087,Freshwater (Qld),2142
SAL40467,Fulham (SA),2920
SAL40468,Fulham Gardens,6573
SAL40469,Fullarton,4500
SAL50523,Furnissdale,1061
SAL20960,Fyansford,1206
SAL11580,Gables,3339
SAL60218,Gagebrook,1572
SAL31093,Gailes,1831
SAL70106,Galiwinku,2199
SAL11586,Galston,3195
SAL31098,Garbutt,2309
SAL11591,Garden Suburb,1959
SAL20965,Gardenvale,1019
SAL20966,Garfield,2114
SAL80061,Garran,3706
SAL11598,Gateshead,3121
SAL31104,Gatton,7851
SAL31105,Gaven,1638
SAL40476,Gawler East,5689
SAL40479,Gawler South,2618
SAL31106,Gayndah,1949
SAL31107,Gaythorne,3158
SAL31108,Geebung,4850
SAL20973,Geelong,5811
SAL20974,Geelong West,7345
SAL60223,Geeveston,1431
SAL60224,Geilston Bay,3461
SAL50533,Gelorup,2255
SAL20979,Gembrook,2559
SAL50534,Geographe,3622
SAL60225,George Town,4536
SAL11605,Georges Hall,9739
SAL11607,Georgetown (NSW),2072
SAL50536,Geraldton,3246
SAL11610,Gerringong,4165
SAL50542,Gidgegannup,2818
SAL40492,Gilberton (SA),1528
SAL11623,Gilgandra,2983
SAL70109,Gillen,4466
SAL40495,Gilles Plains,4101
SAL11628,Gillieston Heights,4796
SAL80062,Gilmore (ACT),2706
SAL31123,Gilston,2669
SAL31124,Gin Gin (Qld),1139
SAL80063,Giralang,3372
SAL11635,Girards Hill,1318
SAL11640,Girraween (NSW),6256
SAL70110,Girraween (NT),1668
SAL50550,Girrawheen,8897
SAL21001,Gisborne,10142
SAL11642,Gladesville,12867
SAL31132,Gladstone Central,1550
SAL21004,Gladstone Park,8213
SAL40498,Glandore,3041
SAL31137,Glass House Mountains,5601
SAL11645,Glebe (NSW),11680
SAL50551,Gledhow,1079
SAL11646,Gledswood Hills,6112
SAL11649,Glen Alpine,4429
SAL31145,Glen Eden,2918
SAL50552,Glen Forrest,2789
SAL21009,Glen Huntly,4905
SAL11653,Glen Innes,6219
SAL21010,Glen Iris (Vic.),26131
SAL50553,Glen Iris (WA),3143
SAL40500,Glen Osmond,2154
SAL21013,Glen Waverley,42642
SAL40501,Glenalta,2039
SAL11660,Glenbrook,5078
SAL11662,Glendale (NSW),3260
SAL50556,Glendalough,2628
SAL11663,Glendenning,5196
SAL31158,Gleneagle,2106
SAL40505,Glenelg (SA),3440
SAL40506,Glenelg East,3855
SAL40507,Glenelg North,6594
SAL40508,Glenelg South,2184
SAL31159,Glenella,4545
SAL11668,Glenfield (NSW),10536
SAL50557,Glenfield (WA),1009
SAL11669,Glenfield Park,5078
SAL21025,Glengarry (Vic.),1113
SAL40509,Glengowrie,5767
SAL11671,Glenhaven,6619
SAL31163,Glenlee (Qld),1193
SAL31165,Glenlogan,1122
SAL11674,Glenmore Park,25021
SAL11676,Glenning Valley,2023
SAL60235,Glenorchy (Tas.),12013
SAL11677,Glenorie,3792
SAL11679,Glenreagh,1005
SAL21045,Glenrowan,1049
SAL11682,Glenroy (Albury - NSW),3528
SAL21047,Glenroy (Vic.),23792
SAL40511,Glenside,2852
SAL11685,Glenugie,1298
SAL40512,Glenunga,2184
SAL31174,Glenvale,8120
SAL31175,Glenview,1396
SAL11686,Glenwood (NSW),15829
SAL31176,Glenwood (Qld),2137
SAL11688,Glossodia,2865
SAL11689,Gloucester,3133
SAL40515,Glynde,2102
SAL50561,Gnangara,1347
SAL11693,Gobbagombalin,2184
SAL11697,Gol Gol,1956
SAL50566,Golden Bay,5681
SAL31179,Golden Beach (Qld),5646
SAL40516,Golden Grove,10299
SAL21056,Golden Point (Ballarat - Vic.),2217
SAL21058,Golden Square,9220
SAL31182,Goldsborough (Qld),1099
SAL31183,Gooburrum,1518
SAL31187,Goodna,10391
SAL40520,Goodwood (SA),2823
SAL60238,Goodwood (Tas.),1142
SAL11710,Googong,7444
SAL40521,Goolwa,2558
SAL40522,Goolwa Beach,2222
SAL40523,Goolwa North,1307
SAL40524,Goolwa South,1041
SAL31195,Goombungee,1066
SAL31202,Goondiwindi,6230
SAL11717,Goonellabah,13351
SAL50571,Gooseberry Hill,3323
SAL80064,Gordon (ACT),7892
SAL11724,Gordon (NSW),8795
SAL21073,Gordon (Vic.),1393
SAL31210,Gordon Park,4390
SAL31213,Gordonvale,6944
SAL11727,Gorokan,8624
SAL11728,Gosford,4873
SAL50574,Gosnells,21149
SAL11731,Goulburn,23963
SAL21079,Gowanbrae,2971
SAL80065,Gowrie (ACT),3140
SAL31215,Gowrie Junction,2242
SAL31219,Gracemere,12023
SAL31220,Graceville,4764
SAL11739,Grafton,10563
SAL31225,Grange (Qld),4615
SAL40530,Grange (SA),6143
SAL11743,Grantham Farm,3669
SAL60244,Granton,1903
SAL21089,Grantville,1168
SAL11745,Granville (NSW),16716
SAL31228,Granville (Qld),2532
SAL11746,Grasmere,2105
SAL70112,Gray (NT),3142
SAL11750,Grays Point,3034
SAL11760,Green Point (Central Coast - NSW),6810
SAL11762,Green Valley (NSW),12919
SAL11763,Greenacre,26314
SAL40534,Greenacres,3356
SAL31236,Greenbank,9587
SAL11767,Greenfield Park,5394
SAL50583,Greenfields,9869
SAL11770,Greenhills Beach,1375
SAL50585,Greenmount (WA),2666
SAL40536,Greenock,1199
SAL21104,Greensborough,21070
SAL31242,Greenslopes,7941
SAL21105,Greenvale (Vic.),21274
SAL80066,Greenway,4129
SAL11775,Greenwell Point,1245
SAL11776,Greenwich,5469
SAL40538,Greenwith,10103
SAL50587,Greenwood (WA),9861
SAL11780,Gregory Hills,9142
SAL11782,Grenfell,2600
SAL11784,Greta (NSW),3349
SAL11787,Greystanes,23511
SAL31254,Griffin,12295
SAL80067,Griffith (ACT),5328
SAL11788,Griffith (NSW),19505
SAL60253,Grindelwald,1037
SAL11791,Grose Vale,1272
SAL21114,Grovedale,14869
SAL11796,Guildford (NSW),24091
SAL50594,Guildford (WA),2040
SAL11797,Guildford West,5762
SAL40539,Gulfview Heights,3674
SAL11800,Gulgong,2680
SAL31263,Gulliver,2884
SAL11801,Gulmarrad,1950
SAL31266,Gumdale,2298
SAL70115,Gunbalanya,1177
SAL11809,Gundagai,1699
SAL11811,Gundaroo,1233
SAL80068,Gungahlin,8586
SAL70116,Gunn,2564
SAL11818,Gunnedah,10359
SAL11829,Guyra,2003
SAL11831,Gwandalan,3785
SAL50599,Gwelup,5391
SAL11832,Gwynneville,3139
SAL11833,Gymea,8219
SAL11834,Gymea Bay,6983
SAL31280,Gympie,11355
SAL31281,Habana,1022
SAL11835,Haberfield,6480
SAL80069,Hackett,3227
SAL40544,Hackham,4491
SAL40545,Hackham West,3620
SAL21123,Haddon,1276
SAL21124,Hadfield,6269
SAL60257,Hadspen,2429
SAL40548,Hahndorf,2814
SAL11837,Halekulani,2677
SAL21125,Hallam,11355
SAL40554,Hallett Cove,12512
SAL50602,Halls Creek (WA),1572
SAL50603,Halls Head,14474
SAL50607,Hamersley,5209
SAL11845,Hamilton (NSW),4614
SAL31289,Hamilton (Qld),8922
SAL21129,Hamilton (Vic.),10346
SAL50609,Hamilton Hill,11327
SAL11848,Hamilton South,4057
SAL21130,Hamlyn Heights,6518
SAL11850,Hamlyn Terrace,8761
SAL50610,Hammond Park,6985
SAL11851,Hammondville,3691
SAL40561,Hampstead Gardens,1535
SAL21131,Hampton (Vic.),13518
SAL21132,Hampton East,5069
SAL21133,Hampton Park,26082
SAL50611,Hannans,2410
SAL11857,Hanwood,1388
SAL40564,Happy Valley (SA),11420
SAL21137,Harcourt,1038
SAL11858,Harden,1900
SAL21139,Harkaway,1011
SAL21140,Harkness,12463
SAL31296,Harlaxton,2824
SAL11865,Harrington,3381
SAL11866,Harrington Park,13332
SAL11867,Harris Park,5043
SAL50613,Harrisdale,11667
SAL80071,Harrison,8244
SAL31300,Harristown,9081
SAL50615,Harvey,3462
SAL11873,Hassall Grove,4401
SAL21145,Hastings (Vic.),10369
SAL31302,Hatton Vale,1555
SAL21148,Haven,1443
SAL80072,Hawker (ACT),3008
SAL11880,Hawks Nest,1413
SAL40574,Hawthorn (SA),2221
SAL21152,Hawthorn (Vic.),22322
SAL21153,Hawthorn East,14834
SAL40575,Hawthorndene,3389
SAL31305,Hawthorne,5090
SAL11881,Hay (NSW),2300
SAL31306,Hay Point,1306
SAL40578,Hayborough,2238
SAL11884,Haymarket,8305
SAL50619,Haynes,2417
SAL11887,Haywards Bay,1280
SAL11888,Hazelbrook,5077
SAL21156,Hazelwood North,1552
SAL40579,Hazelwood Park,1953
SAL21158,Healesville,7589
SAL31310,Healy,1824
SAL11890,Heathcote (NSW),6148
SAL21160,Heathcote (Vic.),2962
SAL21163,Heatherton,2826
SAL40580,Heathfield,1062
SAL21165,Heathmont,9933
SAL50622,Heathridge,6898
SAL31311,Heathwood,4944
SAL31312,Heatley,3907
SAL11893,Hebersham,5643
SAL11894,Heckenberg,3263
SAL40582,Hectorville,4241
SAL11895,Heddon Greta,2838
SAL21167,Heidelberg,7360
SAL21168,Heidelberg Heights,6758
SAL21169,Heidelberg West,5252
SAL50623,Helena Valley,4130
SAL11897,Helensburgh,6576
SAL31315,Helensvale,18949
SAL31316,Helidon,1130
SAL31318,Hemmant,2886
SAL40583,Hendon (SA),1271
SAL31320,Hendra,4914
SAL40584,Henley Beach,6259
SAL40585,Henley Beach South,2799
SAL50625,Henley Brook,2500
SAL11899,Henty (NSW),1225
SAL70123,Herbert,1610
SAL60268,Herdsmans Cove,1199
SAL31322,Heritage Park,4930
SAL31323,Hermit Park,3512
SAL21174,Herne Hill (Vic.),3507
SAL50628,Herne Hill (WA),1542
SAL31324,Herston,2311
SAL40586,Hewett,2961
SAL21179,Heyfield,2050
SAL21181,Heywood,1815
SAL80073,Higgins,3321
SAL50633,High Wycombe,12198
SAL40587,Highbury (SA),6956
SAL21185,Highett,12016
SAL31330,Highfields (Qld),8568
SAL40588,Highgate (SA),1504
SAL50635,Highgate (WA),2326
SAL31331,Highgate Hill,6229
SAL31333,Highland Park,6576
SAL21187,Highton,20736
SAL31336,Highvale,1979
SAL50636,Hilbert,4165
SAL11912,Hill Top (Wingecarribee - NSW),2792
SAL50638,Hillarys,11200
SAL40591,Hillbank,5013
SAL31338,Hillcrest (Qld),6268
SAL40592,Hillcrest (SA),3659
SAL60274,Hillcrest (Tas.),1088
SAL50639,Hillman,1807
SAL11918,Hillsdale,5647
SAL21193,Hillside (Melton - Vic.),17331
SAL11919,Hillston,1547
SAL11921,Hillvue,6528
SAL50641,Hilton (WA),4323
SAL11922,Hinchinbrook (NSW),11521
SAL40598,Hindmarsh Island,1846
SAL21195,Hmas Cerberus,1124
SAL60276,Hobart,3390
SAL11924,Hobartville,2712
SAL50645,Hocking,6987
SAL31345,Hodgson Vale,1444
SAL11927,Holbrook,1650
SAL40601,Holden Hill,3716
SAL80074,Holder (ACT),2816
SAL11928,Holgate,1023
SAL31346,Holland Park,8671
SAL31347,Holland Park West,6468
SAL31348,Holloways Beach,2398
SAL31349,Hollywell,2930
SAL11931,Holmesville,1413
SAL31350,Holmview,4455
SAL11932,Holroyd,1248
SAL11933,Holsworthy,5657
SAL80075,Holt,5628
SAL70127,Holtze,1940
SAL31352,Home Hill,2876
SAL11936,Homebush (NSW),11660
SAL11937,Homebush West,9108
SAL31356,Hope Island,14522
SAL31357,Hope Vale,1004
SAL40607,Hope Valley (SA),8184
SAL50654,Hopetoun (WA),1115
SAL21203,Hoppers Crossing,37216
SAL11942,Horningsea Park,3673
SAL11943,Hornsby,22462
SAL11944,Hornsby Heights,6354
SAL21206,Horsham,15134
SAL11949,Horsley,9437
SAL11950,Horsley Park,1790
SAL40612,Hove,3189
SAL31365,Howard,1394
SAL70129,Howard Springs,3153
SAL11957,Howlong,2997
SAL60281,Howrah,9545
SAL11958,Hoxton Park,4572
SAL31369,Hughenden,1113
SAL80076,Hughes (ACT),3210
SAL21214,Hughesdale,7563
SAL70132,Humpty Doo,4313
SAL11961,Hunters Hill,9014
SAL11962,Hunterview,3113
SAL40616,Huntfield Heights,4199
SAL21218,Huntingdale (Vic.),1949
SAL50661,Huntingdale (WA),9021
SAL21219,Huntly,3585
SAL60285,Huonville,3002
SAL11970,Hurlstone Park,5001
SAL21223,Hurstbridge,3554
SAL11971,Hurstville,31162
SAL11972,Hurstville Grove,2606
SAL31378,Hyde Park (Qld),1374
SAL40617,Hyde Park (SA),1660
SAL31380,Idalia,4563
SAL11982,Illawong,7427
SAL11983,Iluka (NSW),1764
SAL50664,Iluka (WA),5669
SAL31387,Imbil,1071
SAL31388,Inala,15273
SAL21229,Indented Head,1391
SAL31389,Indooroopilly,13622
SAL31390,Ingham,4455
SAL40619,Ingle Farm,9543
SAL11987,Ingleburn,15264
SAL11988,Ingleside,1030
SAL50668,Inglewood (WA),5837
SAL50670,Innaloo,9592
SAL31397,Innes Park,2653
SAL31398,Innisfail,1091
SAL31399,Innisfail Estate,1454
SAL11990,Inverell,12057
SAL21234,Inverleigh,1746
SAL21235,Inverloch,6526
SAL60288,Invermay (Tas.),3498
SAL21237,Invermay Park,1692
SAL31405,Ipswich,2468
SAL31408,Ironbark (Qld),1173
SAL21241,Ironbark (Vic.),1163
SAL21245,Irymple (Vic.),5977
SAL80078,Isaacs,2379
SAL80079,Isabella Plains,4329
SAL11999,Islington,2026
SAL21246,Ivanhoe (Vic.),13374
SAL21247,Ivanhoe East,3762
SAL21248,Jacana,2187
SAL21250,Jackass Flat,1907
SAL31424,Jacobs Well,2882
SAL12007,Jamberoo,1910
SAL31428,Jamboree Heights,3141
SAL40635,Jamestown,1549
SAL12009,Jamisontown,5321
SAL21254,Jan Juc,4151
SAL50682,Jandakot,2533
SAL31429,Jandowae,1004
SAL50683,Jane Brook,3670
SAL12010,Jannali,6632
SAL50686,Jarrahdale,1205
SAL31437,Jensen,1797
SAL12025,Jerrabomberra,9601
SAL12032,Jesmond,3210
SAL12033,Jewells,2452
SAL12036,Jilliby,1694
SAL31440,Jimboomba,7423
SAL12039,Jindabyne,2986
SAL31444,Jindalee (Qld),5320
SAL50696,Jindalee (WA),4044
SAL12041,Jindera,2721
SAL70138,Jingili,1841
SAL70139,Johnston,2386
SAL50700,Jolimont,1479
SAL31452,Jones Hill,1135
SAL50701,Joondalup,9193
SAL50702,Joondanna,5283
SAL12050,Jordan Springs,11772
SAL40642,Joslin,1243
SAL31455,Joyner,3600
SAL31457,Jubilee Pocket,2047
SAL31459,Julatten,1020
SAL12053,Junction Hill,1547
SAL21277,Junction Village,1051
SAL12054,Junee,5066
SAL21279,Junortoun,3862
SAL50705,Jurien Bay,1985
SAL40646,Kadina,2944
SAL12056,Kahibah,2603
SAL50707,Kalamunda,7163
SAL31471,Kalbar,1246
SAL50709,Kalbarri,1478
SAL80081,Kaleen,7672
SAL50712,Kalgoorlie,3711
SAL21282,Kalimna,1350
SAL31472,Kalinga,2144
SAL21284,Kalkallo,5548
SAL31474,Kalkie,2968
SAL31475,Kallangur,21761
SAL50714,Kallaroo,5305
SAL21286,Kallista,1418
SAL21287,Kalorama,1277
SAL80082,Kambah,15670
SAL50718,Kambalda West,1666
SAL12063,Kanahooka,5698
SAL12065,Kandos,1263
SAL21293,Kangaroo Flat (Vic.),11328
SAL21294,Kangaroo Ground,1208
SAL31481,Kangaroo Point (Qld),9689
SAL31483,Kanimbla (Qld),2827
SAL12075,Kanwal,4194
SAL40666,Kapunda,2947
SAL12079,Karabar,8517
SAL31485,Karalee,5521
SAL70143,Karama,4803
SAL31486,Karana Downs,3800
SAL50724,Karawara,1842
SAL50725,Kardinya,9137
SAL12081,Kareela,3572
SAL12082,Kariong,6485
SAL50731,Karnup,2096
SAL50740,Karrinyup,9886
SAL12084,Karuah,1618
SAL50742,Katanning,3637
SAL70144,Katherine,1254
SAL70145,Katherine East,3061
SAL70146,Katherine South,1507
SAL12085,Katoomba,8268
SAL21310,Katunga,1025
SAL31493,Kawana,4434
SAL31495,Kawungan,5460
SAL21312,Kealba,3226
SAL50745,Kealy,1119
SAL31496,Kearneys Spring,9419
SAL12087,Kearns,2693
SAL31497,Kedron,9907
SAL21314,Keilor,5906
SAL21315,Keilor Downs,9857
SAL21316,Keilor East,15078
SAL21317,Keilor Lodge,1668
SAL21319,Keilor Park,2684
SAL12093,Keiraville,4001
SAL40674,Keith,1405
SAL12096,Kellyville,27011
SAL12097,Kellyville Ridge,10890
SAL50748,Kelmscott,10575
SAL12098,Kelso (NSW),10039
SAL31499,Kelso (Qld),10599
SAL31500,Kelvin Grove,7909
SAL12100,Kembla Grange,1452
SAL12102,Kemps Creek,2121
SAL12104,Kendall,1153
SAL50749,Kendenup,1062
SAL31504,Kenmore,9675
SAL31505,Kenmore Hills,2448
SAL21326,Kennington,5880
SAL12107,Kensington (NSW),11927
SAL40677,Kensington (SA),1808
SAL21327,Kensington (Vic.),10745
SAL50752,Kensington (WA),4627
SAL40678,Kensington Gardens,2498
SAL31508,Kensington Grove,2050
SAL40679,Kensington Park,2627
SAL40680,Kent Town,1443
SAL12108,Kenthurst,5313
SAL50754,Kenwick,5684
SAL31512,Keperra,7014
SAL31513,Kepnock,4501
SAL21328,Kerang,3960
SAL40684,Kersbrook,1116
SAL12117,Kew (NSW),1761
SAL21336,Kew (Vic.),24499
SAL21337,Kew East,6620
SAL31517,Kewarra Beach,6133
SAL50756,Kewdale,7397
SAL21339,Keysborough,30018
SAL21340,Kialla,8667
SAL12124,Kiama,7904
SAL12125,Kiama Downs,5087
SAL50758,Kiara,1776
SAL40690,Kidman Park,3874
SAL12133,Kilaben Bay,1516
SAL40692,Kilburn,5633
SAL31527,Kilcoy,1996
SAL40693,Kilkenny,1846
SAL12137,Killara (NSW),10620
SAL21347,Killara (Wodonga - Vic.),1485
SAL12138,Killarney Heights,4502
SAL12139,Killarney Vale,7491
SAL21352,Kilmore,9207
SAL21354,Kilsyth,11699
SAL21355,Kilsyth South,2862
SAL31535,Kin Kora,2396
SAL12149,Kincumber,7398
SAL12153,King Creek,1863
SAL31542,Kingaroy,10266
SAL21358,Kinglake,1662
SAL21360,Kinglake West,1305
SAL31543,Kings Beach,3042
SAL12157,Kings Langley,9354
SAL60306,Kings Meadows,4359
SAL12158,Kings Park (NSW),3476
SAL21362,Kings Park (Vic.),8203
SAL21363,Kingsbury,3460
SAL12162,Kingscliff,8355
SAL40697,Kingscote,1962
SAL12164,Kingsford (NSW),13492
SAL12166,Kingsgrove,12881
SAL50764,Kingsley,13204
SAL31547,Kingsthorpe,2159
SAL80083,Kingston (ACT),6579
SAL31548,Kingston (Qld),10506
SAL60307,Kingston (Tas.),12288
SAL60308,Kingston Beach,2305
SAL40701,Kingston Se,1342
SAL21365,Kingsville,3920
SAL12171,Kingswood (Penrith - NSW),10633
SAL40702,Kingswood (SA),2554
SAL12172,Kingswood (Tamworth Regional - NSW),1142
SAL50766,Kinross,6988
SAL31554,Kippa-Ring,9745
SAL31556,Kirkwood,2513
SAL12181,Kirrawee,11007
SAL12182,Kirribilli,3629
SAL31558,Kirwan,20780
SAL31560,Kleinton,2205
SAL40703,Klemzig,6713
SAL21374,Knoxfield,7645
SAL12190,Kogarah,16416
SAL12191,Kogarah Bay,2102
SAL50771,Kojonup,1157
SAL21380,Koo Wee Rup,4047
SAL12196,Koonawarra,3732
SAL50781,Koondoola,3919
SAL21384,Koondrook,1101
SAL31568,Koongal,4252
SAL31569,Kooralbyn,1697
SAL12202,Kooringal (NSW),7404
SAL12203,Kootingal,2313
SAL21396,Koroit,2184
SAL12206,Korora,2740
SAL21399,Korumburra,4749
SAL12208,Kotara,3980
SAL12209,Kotara South,1267
SAL31575,Kowanyama,1079
SAL31582,Kuluin,2700
SAL50799,Kununurra,5494
SAL31588,Kuraby,8737
SAL31589,Kuranda,3273
SAL12224,Kurnell,2528
SAL12225,Kurraba Point,1401
SAL12226,Kurrajong,3113
SAL12227,Kurrajong Heights,1255
SAL40728,Kurralta Park,3139
SAL12229,Kurri Kurri,6174
SAL21411,Kurunjang,10711
SAL31596,Kurwongbah,1552
SAL21412,Kyabram,7416
SAL12235,Kyle Bay,1039
SAL21414,Kyneton,7513
SAL12237,Kyogle,2248
SAL31601,Labrador,18643
SAL31606,Laidley,3809
SAL31608,Laidley Heights,1429
SAL12246,Lake Albert (NSW),6291
SAL12250,Lake Cargelligo,1430
SAL12251,Lake Cathie,4296
SAL50816,Lake Coogee,4768
SAL21435,Lake Gardens,1801
SAL12255,Lake Haven,3529
SAL12256,Lake Heights,4105
SAL12259,Lake Illawarra,3288
SAL31615,Lake Macdonald,1352
SAL12262,Lake Munmorah,5084
SAL21447,Lake Wendouree,2878
SAL12265,Lakelands (NSW),1445
SAL50828,Lakelands (WA),6171
SAL12266,Lakemba,17092
SAL21449,Lakes Entrance,5145
SAL12268,Lakewood,1249
SAL21452,Lalor,23219
SAL12270,Lalor Park,7834
SAL12273,Lambton,5214
SAL50829,Lamington (WA),2036
SAL31629,Lammermoor,2551
SAL21456,Lancefield,2743
SAL31631,Landsborough (Qld),4446
SAL50831,Landsdale,15401
SAL12275,Lane Cove,12363
SAL12276,Lane Cove North,11773
SAL12277,Lane Cove West,3146
SAL21459,Lang Lang,2556
SAL50833,Langford,5505
SAL21467,Langwarrin,23588
SAL21468,Langwarrin South,1346
SAL12284,Lansvale,2595
SAL21469,Lara,19014
SAL70158,Larapinta (NT),2368
SAL12287,Largs,1962
SAL40749,Largs Bay,4104
SAL40750,Largs North,4005
SAL70159,Larrakeyah,3943
SAL80084,Latham (ACT),3767
SAL50835,Lathlain,3699
SAL60320,Latrobe,5030
SAL60321,Lauderdale,2592
SAL60322,Launceston,3110
SAL21473,Launching Place,2495
SAL12292,Laurieton,2012
SAL21476,Laverton (Vic.),4760
SAL12296,Lavington,13073
SAL31647,Lawnton,5905
SAL12297,Lawrence (NSW),1159
SAL80085,Lawson (ACT),2739
SAL12298,Lawson (NSW),2651
SAL40753,Leabrook,1605
SAL70161,Leanyer,4597
SAL50838,Leda,3202
SAL50840,Leederville,3686
SAL50842,Leeming,10883
SAL12302,Leeton,9170
SAL60327,Legana,4719
SAL12306,Leichhardt (NSW),15158
SAL31650,Leichhardt (Qld),4471
SAL12309,Lemon Tree Passage,2686
SAL60331,Lenah Valley,6522
SAL21488,Leneva,1317
SAL12312,Lennox Head,7687
SAL12313,Leonay,2582
SAL21490,Leongatha,5869
SAL21493,Leopold,13272
SAL12314,Leppington,9423
SAL50847,Leschenault,3058
SAL50849,Lesmurdie,8413
SAL21496,Lethbridge,1181
SAL12316,Lethbridge Park,4730
SAL12317,Leumeah,9992
SAL12318,Leura,4503
SAL12322,Lewisham (NSW),4060
SAL40760,Lewiston,3275
SAL12324,Liberty Grove,2055
SAL12325,Lidcombe,23663
SAL12329,Lightning Ridge,1946
SAL40762,Lightsview,6090
SAL12331,Lilli Pilli (Sutherland Shire - NSW),1405
SAL21504,Lilydale (Vic.),17348
SAL12334,Lilyfield,7641
SAL40764,Linden Park,2367
SAL12348,Lindfield,10943
SAL60342,Lindisfarne,6639
SAL12352,Lisarow,5299
SAL12353,Lismore (NSW),3656
SAL12354,Lismore Heights,2117
SAL12356,Lithgow,4956
SAL12358,Little Bay,4817
SAL50853,Little Grove,1508
SAL31667,Little Mountain,11068
SAL21520,Little River (Vic.),1353
SAL40770,Littlehampton,3300
SAL12370,Liverpool,31078
SAL12371,Llanarth (NSW),2302
SAL12372,Llandilo,1618
SAL12374,Lloyd,1509
SAL40771,Lobethal,2534
SAL21524,Loch Sport,1021
SAL12377,Lochinvar,1095
SAL12378,Lockhart,1019
SAL40775,Lockleys,5987
SAL50857,Lockridge,3322
SAL21529,Lockwood South,1052
SAL50858,Lockyer (WA),1298
SAL12380,Loftus,4190
SAL31677,Logan Central,6210
SAL31678,Logan Reserve,7016
SAL31679,Logan Village,5316
SAL31680,Loganholme,6764
SAL31681,Loganlea,8716
SAL12384,Londonderry (NSW),4024
SAL12385,Long Beach,1758
SAL21534,Long Gully,3420
SAL12387,Long Jetty,6736
SAL60350,Longford (Tas.),4268
SAL21536,Longford (Vic.),1489
SAL31685,Longreach (Qld),3124
SAL12394,Longueville,2116
SAL21538,Longwarry,2436
SAL12398,Lorn,1465
SAL21542,Lorne (Vic.),1327
SAL31686,Lota,3518
SAL21544,Lovely Banks,2782
SAL31689,Lower Beechmont,1067
SAL50863,Lower Chittering,2408
SAL50865,Lower King,1890
SAL40788,Lower Mitcham,2187
SAL21547,Lower Plenty,3962
SAL31700,Lowood,4082
SAL40789,Loxton,4677
SAL21550,Lucas,2994
SAL21551,Lucknow (Vic.),1439
SAL12428,Luddenham,1927
SAL70167,Ludmilla,1667
SAL12430,Lugarno,5869
SAL12431,Lurnea,10057
SAL60373,Lutana,2616
SAL31706,Lutwyche,4610
SAL21554,Lynbrook,9121
SAL21555,Lyndhurst (Vic.),8926
SAL40794,Lyndoch,2151
SAL80086,Lyneham,5703
SAL50871,Lynwood (WA),3541
SAL80087,Lyons (ACT),3271
SAL70168,Lyons (NT),2219
SAL21558,Lysterfield,6681
SAL80088,Macarthur (ACT),1405
SAL40799,Macclesfield (SA),1413
SAL21562,Macedon,2073
SAL80089,Macgregor (ACT),7049
SAL31721,Macgregor (Qld),5980
SAL31724,Mackay,4026
SAL31726,Mackenzie (Brisbane - Qld),2336
SAL12439,Macksville,2782
SAL12440,Maclean,2778
SAL31731,Macleay Island,3193
SAL21564,Macleod (Vic.),9892
SAL12441,Macmasters Beach,1399
SAL80091,Macquarie,3104
SAL12442,Macquarie Fields,14023
SAL12443,Macquarie Hills,3605
SAL12444,Macquarie Links,1455
SAL12446,Macquarie Park,11071
SAL21569,Maddingley,5491
SAL50873,Maddington,12419
SAL50874,Madeley,6805
SAL50875,Madora Bay,3830
SAL21571,Maffra (Vic.),5384
SAL40806,Magill,9693
SAL50881,Maida Vale,4499
SAL21574,Maiden Gully,5407
SAL21575,Maidstone,9389
SAL31735,Main Beach,3998
SAL12458,Maitland (NSW),1972
SAL40808,Maitland (SA),1312
SAL12462,Malabar,4714
SAL70169,Malak,3013
SAL31737,Malanda,2000
SAL21583,Maldon (Vic.),1665
SAL31739,Maleny,3959
SAL21584,Mallacoota,1183
SAL40811,Mallala,1042
SAL12471,Malua Bay,2071
SAL40814,Malvern (SA),2713
SAL21586,Malvern (Vic.),9929
SAL21587,Malvern East,22296
SAL50890,Mandurah,8804
SAL12478,Mangerton,2862
SAL31747,Mango Hill,14921
SAL21593,Manifold Heights,2681
SAL12484,Manilla,2386
SAL70172,Maningrida,2518
SAL50891,Manjimup,4279
SAL12485,Manly (NSW),16296
SAL31748,Manly (Qld),4273
SAL12486,Manly Vale,6389
SAL31749,Manly West,12436
SAL12487,Mannering Park,2554
SAL50893,Manning,4219
SAL40819,Manningham,1391
SAL40820,Mannum,2919
SAL31751,Manoora (Qld),6175
SAL21597,Manor Lakes,12675
SAL31752,Mansfield (Qld),8851
SAL21599,Mansfield (Vic.),5541
SAL40822,Mansfield Park,4608
SAL31755,Manunda,5191
SAL31757,Mapleton,1661
SAL50896,Marangaroo,10483
SAL12494,Maraylya,1281
SAL12495,Marayong,7834
SAL31760,Marburg,1013
SAL31761,Marcoola,3355
SAL40828,Marden,2645
SAL12498,Mardi,3598
SAL31763,Mareeba,11825
SAL50903,Margaret River (WA),8918
SAL31764,Margate (Qld),7575
SAL60382,Margate (Tas.),4239
SAL31766,Marian,4224
SAL21604,Maribyrnong,12573
SAL40829,Marino,2277
SAL40830,Marion,4101
SAL12502,Marks Point,1861
SAL40835,Marleston,1950
SAL50905,Marmion,2390
SAL21612,Marong,2005
SAL31771,Maroochy River,1667
SAL31772,Maroochydore,20629
SAL12511,Maroubra,30722
SAL70178,Marrara,1323
SAL12514,Marrickville,26570
SAL31775,Marsden,14795
SAL12515,Marsden Park,14610
SAL12516,Marsfield,12492
SAL21615,Marshall,2299
SAL50911,Martin,1854
SAL12523,Marulan,1428
SAL31778,Maryborough (Qld),15287
SAL21618,Maryborough (Vic.),8160
SAL12524,Maryland (Newcastle - NSW),7714
SAL12528,Maryville,1671
SAL12529,Mascot,21591
SAL40841,Maslin Beach,1213
SAL12530,Matcham,1038
SAL12532,Mathoura,1002
SAL12534,Matraville,9925
SAL31785,Maudsland,8073
SAL80092,Mawson,3440
SAL40844,Mawson Lakes,13794
SAL12540,Mayfield (Newcastle - NSW),9760
SAL60390,Mayfield (Tas.),1525
SAL12544,Mayfield East,1794
SAL12546,Mayfield West,1993
SAL40846,Maylands (SA),1508
SAL50917,Maylands (WA),13199
SAL12548,Mays Hill,1902
SAL40849,McCracken,2076
SAL21625,McCrae,3311
SAL31790,McDowall,7612
SAL12552,McGraths Hill,2537
SAL50920,McKail,3970
SAL80093,McKellar,2740
SAL21629,McKinnon,6878
SAL40851,McLaren Flat,1625
SAL40852,McLaren Vale,4061
SAL12557,McMahons Point,2315
SAL21635,Meadow Heights,14890
SAL50922,Meadow Springs,9160
SAL12560,Meadowbank (NSW),5089
SAL31795,Meadowbrook,3069
SAL40853,Meadows,1717
SAL50925,Medina,2260
SAL40854,Medindie,1175
SAL12564,Medowie,10879
SAL80094,Melba,3383
SAL21640,Melbourne,54941
SAL12573,Melonba,1439
SAL12574,Melrose Park (NSW),2059
SAL40857,Melrose Park (SA),2319
SAL21642,Melton (Vic.),7953
SAL21643,Melton South,11362
SAL21644,Melton West,8784
SAL50932,Melville (WA),6204
SAL12578,Menai,10419
SAL12579,Menangle,1252
SAL40859,Meningie,1118
SAL50933,Menora,2691
SAL21648,Mentone,13197
SAL21653,Merbein,2770
SAL12584,Merewether,11788
SAL12585,Merewether Heights,1495
SAL31807,Meridan Plains,4589
SAL12586,Merimbula,3821
SAL31809,Meringandan West,2488
SAL31811,Mermaid Beach,7329
SAL31812,Mermaid Waters,13088
SAL21659,Mernda,23369
SAL50938,Merredin,2604
SAL31813,Merrimac,7212
SAL12596,Merriwa (NSW),1825
SAL50939,Merriwa (WA),5587
SAL12599,Merrylands,32472
SAL12600,Merrylands West,7054
SAL12603,Metford,4707
SAL21673,Metung,1899
SAL31819,Miami,7445
SAL60401,Miandetta (Tas.),1822
SAL21675,Mickleham,17452
SAL12613,Middle Cove,1327
SAL12614,Middle Dural,1040
SAL31822,Middle Park (Qld),3845
SAL21677,Middle Park (Vic.),4000
SAL31823,Middle Ridge,7595
SAL50944,Middle Swan,2852
SAL31825,Middlemount,1899
SAL40870,Middleton (SA),1298
SAL12618,Middleton Grange,7043
SAL50947,Midland,6335
SAL50948,Midvale,2283
SAL60404,Midway Point,3384
SAL21682,Mildura,34565
SAL40874,Mile End,4536
SAL31833,Miles,1874
SAL70186,Milingimbi,1097
SAL21683,Mill Park,28712
SAL50950,Millars Well,2104
SAL31838,Millbank (Qld),2499
SAL50951,Millbridge,2736
SAL12628,Miller,3374
SAL12630,Millers Point,1735
SAL12631,Millfield,1282
SAL21685,Millgrove,1666
SAL40878,Millicent,5110
SAL31840,Millmerran,1545
SAL70187,Millner,2576
SAL40879,Millswood,2173
SAL12634,Millthorpe,1347
SAL12636,Milperra,4074
SAL12640,Milsons Point,2529
SAL12641,Milton (NSW),1801
SAL31847,Milton (Qld),3144
SAL12644,Minchinbury,5778
SAL50960,Mindarie (WA),7867
SAL31851,Minden,1227
SAL21691,Miners Rest,3829
SAL40886,Minlaton,1018
SAL12653,Minto,13940
SAL31858,Minyama,2726
SAL50969,Mira Mar,1890
SAL12656,Miranda (NSW),17942
SAL31859,Mirani,1806
SAL21703,Mirboo North,2263
SAL50970,Mirrabooka (WA),8000
SAL31863,Mission Beach,1014
SAL40891,Mitcham (SA),1832
SAL21706,Mitcham (Vic.),16795
SAL12661,Mitchell (NSW),1179
SAL40893,Mitchell Park (SA),5754
SAL31866,Mitchelton,9244
SAL12664,Mittagong,6090
SAL12665,Moama,7213
SAL40895,Moana,3316
SAL40898,Modbury,5593
SAL40899,Modbury Heights,6995
SAL40900,Modbury North,5704
SAL21716,Moe,9375
SAL31869,Moffat Beach,2691
SAL31871,Moggill,5029
SAL70192,Moil,2000
SAL31873,Molendinar,6450
SAL12680,Mollymook,1195
SAL12681,Mollymook Beach,2531
SAL12682,Molong,2595
SAL12683,Mona Vale,10877
SAL80097,Monash (ACT),5644
SAL40904,Monash (SA),1110
SAL21727,Monbulk,3651
SAL80098,Moncrieff,5310
SAL31881,Monkland,1135
SAL31883,Mons,1179
SAL21732,Mont Albert,4948
SAL21733,Mont Albert North,5609
SAL60415,Montello,1241
SAL12697,Monterey,4619
SAL21735,Montmorency,9250
SAL31885,Monto,1156
SAL60416,Montrose (Tas.),2313
SAL21736,Montrose (Vic.),6900
SAL31888,Montville,1092
SAL21737,Moolap,1825
SAL31895,Mooloolaba,8202
SAL31896,Mooloolah Valley,3629
SAL60419,Moonah,5884
SAL12710,Moonbi,1201
SAL12714,Moonee Beach,2176
SAL21742,Moonee Ponds,16224
SAL40915,Moonta Bay,2633
SAL50988,Moora (WA),1755
SAL21746,Moorabbin,6287
SAL40917,Moorak,1412
SAL12721,Moore Creek,2868
SAL31905,Moore Park Beach,2890
SAL12723,Moorebank,11408
SAL31909,Mooroobool,7136
SAL21754,Moorooduc,1004
SAL31910,Moorooka,10783
SAL21755,Mooroolbark,23059
SAL21756,Mooroopna,8312
SAL31912,Moranbah,9425
SAL31913,Morayfield,24898
SAL21760,Mordialloc,8886
SAL12733,Moree,8962
SAL12734,Morisset,4078
SAL12735,Morisset Park,1085
SAL50998,Morley,22539
SAL31922,Morningside,11755
SAL31923,Mornington (Qld),1846
SAL60425,Mornington (Tas.),2469
SAL21763,Mornington (Vic.),25759
SAL12738,Morpeth,1686
SAL40925,Morphett Vale,24002
SAL40927,Morphettville,3686
SAL12739,Mortdale,10745
SAL12740,Mortlake (NSW),1954
SAL21767,Mortlake (Vic.),1477
SAL12745,Moruya,4295
SAL12746,Moruya Heads,1125
SAL21769,Morwell,14389
SAL12749,Mosman,28329
SAL51000,Mosman Park (WA),9169
SAL12750,Moss Vale,9310
SAL31929,Mossman,1935
SAL70193,Moulden,3053
SAL12756,Mount Annan,11784
SAL12759,Mount Austin,4035
SAL40932,Mount Barker (SA),18330
SAL51004,Mount Barker (WA),2855
SAL51008,Mount Claremont,4999
SAL21783,Mount Clear,3671
SAL12761,Mount Colah,7816
SAL40941,Mount Compass,1580
SAL31950,Mount Coolum,4545
SAL31952,Mount Cotton,7302
SAL31953,Mount Crosby,1860
SAL21787,Mount Dandenong,1271
SAL12767,Mount Druitt,16986
SAL21790,Mount Duneed,6182
SAL21793,Mount Eliza,18734
SAL21795,Mount Evelyn,9799
SAL40947,Mount Gambier,25591
SAL31968,Mount Gravatt,3733
SAL31969,Mount Gravatt East,12428
SAL51015,Mount Hawthorn,8183
SAL21798,Mount Helen,3011
SAL51016,Mount Helena,3373
SAL12777,Mount Hutton (NSW),3712
SAL12779,Mount Keira,1691
SAL12780,Mount Kembla,1083
SAL12783,Mount Kuring-Gai,1766
SAL51021,Mount Lawley,11328
SAL12785,Mount Lewis,1234
SAL31984,Mount Lofty,3825
SAL31985,Mount Louisa,9227
SAL31986,Mount Low,5488
SAL21801,Mount Macedon,1450
SAL21803,Mount Martha,19846
SAL51025,Mount Melville,1007
SAL32001,Mount Morgan,2018
SAL51026,Mount Nasura,2997
SAL32007,Mount Nathan,1375
SAL60430,Mount Nelson,2749
SAL32009,Mount Ommaney,2503
SAL12793,Mount Ousley,1611
SAL32014,Mount Pleasant (Mackay - Qld),4694
SAL12795,Mount Pleasant (NSW),1397
SAL40960,Mount Pleasant (SA),1058
SAL21807,Mount Pleasant (Vic.),2225
SAL51030,Mount Pleasant (WA),7456
SAL12796,Mount Pritchard,10426
SAL51031,Mount Richon,2067
SAL12799,Mount Riverview,3074
SAL12802,Mount Saint Thomas,1449
SAL32020,Mount Sheridan (Qld),8678
SAL60434,Mount Stuart (Tas.),2444
SAL51036,Mount Tarcoola,3257
SAL12807,Mount Vernon,1235
SAL32037,Mount Warren Park,5736
SAL12812,Mount Warrigal,4880
SAL21816,Mount Waverley,35340
SAL32041,Mountain Creek (Qld),11950
SAL32042,Moura,1993
SAL60437,Mowbray (Tas.),4048
SAL12823,Mudgee,11457
SAL32050,Mudgeeraba,14578
SAL32051,Mudjimba,2664
SAL70198,Muirhead,3689
SAL12825,Mulgoa,2044
SAL21827,Mulgrave (Vic.),19889
SAL51047,Mullaloo,6190
SAL12839,Mullumbimby,4180
SAL12841,Mulwala,2557
SAL51055,Mundaring,3190
SAL51056,Mundijong,1246
SAL32064,Mundingburra,3594
SAL32066,Mundoolun,1836
SAL32068,Mundubbera,1120
SAL40979,Munno Para,4719
SAL40981,Munno Para West,7577
SAL32080,Munruben,2753
SAL32081,Murarrie,4946
SAL51064,Murdoch,3352
SAL32082,Murgon,2220
SAL32084,Murray,1739
SAL40987,Murray Bridge,15043
SAL40988,Murray Bridge East,1196
SAL32089,Murrumba Downs,10795
SAL12871,Murrumbateman,3607
SAL21849,Murrumbeena,9996
SAL12877,Murwillumbah,7616
SAL12879,Muswellbrook,12272
SAL51069,Myaree,2105
SAL40995,Mylor,1067
SAL12888,Myocum,1217
SAL40999,Myrtle Bank (SA),3158
SAL21863,Myrtleford,3285
SAL12896,Nabiac,1294
SAL21867,Nagambie,2254
SAL41003,Nailsworth,2235
SAL41005,Nairne,5327
SAL70201,Nakara,1906
SAL32099,Nambour,12145
SAL12898,Nambucca Heads,6675
SAL12900,Nana Glen,1132
SAL32100,Nanango,3679
SAL21878,Nar Nar Goon,1023
SAL41011,Naracoorte,6211
SAL32107,Narangba,20910
SAL12905,Narara,8471
SAL12906,Narellan,3358
SAL12907,Narellan Vale,6931
SAL12908,Naremburn,5924
SAL12909,Narooma,2731
SAL12911,Narrabeen,8255
SAL12912,Narrabri,7327
SAL80099,Narrabundah,6455
SAL12915,Narrandera,4369
SAL12918,Narrawallee,1487
SAL12919,Narraweena,6971
SAL21893,Narre Warren,27689
SAL21895,Narre Warren North,8033
SAL21896,Narre Warren South,30909
SAL51093,Narrogin,3927
SAL12920,Narromine,4608
SAL12921,Narwee,5411
SAL21898,Nathalia,1982
SAL32109,Nathan,1085
SAL51098,Nedlands,10561
SAL21911,Neerim South,1599
SAL32115,Nelly Bay,1213
SAL12932,Nelson Bay (NSW),6141
SAL32117,Nerang,17048
SAL41021,Netherby (SA),1510
SAL41023,Netley,1910
SAL12943,Neutral Bay,10090
SAL32126,New Auckland,5266
SAL32127,New Beith,5642
SAL32129,New Farm,12197
SAL21921,New Gisborne,2509
SAL12951,New Lambton,10651
SAL12952,New Lambton Heights,2610
SAL60450,New Norfolk,6037
SAL41026,New Town (SA),1291
SAL60451,New Town (Tas.),6781
SAL21922,Newborough,6886
SAL12958,Newcastle,3852
SAL12959,Newcastle East,1061
SAL12960,Newcastle West,1453
SAL21925,Newcomb,4704
SAL12962,Newington (NSW),5648
SAL21929,Newington (Vic.),1844
SAL51111,Newman,6456
SAL32135,Newmarket,5083
SAL60452,Newnham,7073
SAL12965,Newport (NSW),9659
SAL32136,Newport (Qld),5964
SAL21934,Newport (Vic.),13658
SAL32137,Newstead (Qld),7496
SAL60453,Newstead (Tas.),5617
SAL41029,Newton,5117
SAL21938,Newtown (Greater Geelong - Vic.),10445
SAL32138,Newtown (Ipswich - Qld),1498
SAL12969,Newtown (NSW),14690
SAL32139,Newtown (Toowoomba - Qld),10039
SAL70207,Ngukurr,1088
SAL80100,Ngunnawal,10957
SAL21939,Nhill,2401
SAL70208,Nhulunbuy,3350
SAL12970,Niagara Park,2779
SAL80101,Nicholls,6680
SAL21940,Nichols Point,1723
SAL21941,Nicholson (Vic.),1322
SAL51113,Nickol,4938
SAL21942,Niddrie,5901
SAL70210,Nightcliff,3884
SAL32142,Nikenbah,1234
SAL12974,Nimbin,1607
SAL32144,Ninderry,1301
SAL32148,Ningi,5349
SAL32149,Nirimba (Qld),2229
SAL12977,Nirimba Fields,1632
SAL19494,No usual address (NSW),11371
SAL79494,No usual address (NT),3500
SAL39494,No usual address (Qld),14670
SAL49494,No usual address (SA),3377
SAL69494,No usual address (Tas.),1377
SAL29494,No usual address (Vic.),9089
SAL59494,No usual address (WA),8055
SAL41035,Noarlunga Downs,4031
SAL21952,Noble Park,32257
SAL21953,Noble Park North,7436
SAL51122,Nollamara,12779
SAL32160,Noosa Heads,5120
SAL32162,Noosaville,8716
SAL12983,Norah Head,1149
SAL51124,Noranda,8002
SAL12984,Noraville,3001
SAL90004,Norfolk Island,2188
SAL21960,Norlane,8682
SAL32163,Norman Gardens,10534
SAL32164,Norman Park,6842
SAL12986,Normanhurst,5387
SAL32165,Normanton,1391
SAL41037,Normanville (SA),1965
SAL41038,North Adelaide,6823
SAL12987,North Albury,6232
SAL12990,North Avoca,2318
SAL12991,North Balgowlah,3816
SAL51130,North Beach (WA),3689
SAL21963,North Bendigo,4277
SAL12993,North Boambee Valley,2318
SAL12994,North Bondi,9290
SAL32168,North Booval,3041
SAL41041,North Brighton,2665
SAL51135,North Coogee,3741
SAL12998,North Curl Curl,4288
SAL13000,North Epping,4657
SAL51138,North Fremantle,3947
SAL21965,North Geelong,3225
SAL13001,North Gosford,3986
SAL13002,North Haven (NSW),1619
SAL41043,North Haven (SA),5585
SAL60459,North Hobart,2600
SAL32175,North Ipswich,4527
SAL13003,North Kellyville,17401
SAL51144,North Lake,1299
SAL32178,North Lakes,23030
SAL13004,North Lambton,3454
SAL32179,North Mackay,6194
SAL32181,North Maclean,1581
SAL13007,North Manly,3396
SAL21966,North Melbourne,14953
SAL13009,North Narrabeen,6016
SAL13010,North Nowra,5856
SAL13011,North Parramatta,12064
SAL51147,North Perth,9623
SAL41045,North Plympton,3610
SAL13012,North Richmond,6358
SAL13013,North Rocks,9136
SAL13014,North Rothbury,2502
SAL13015,North Ryde,14043
SAL13017,North St Marys,4123
SAL13019,North Strathfield,4618
SAL13020,North Sydney,8964
SAL13021,North Tamworth,6273
SAL32186,North Toowoomba,3332
SAL13023,North Turramurra,4194
SAL13025,North Wahroonga,2100
SAL32187,North Ward,5073
SAL21969,North Warrandyte,3027
SAL13026,North Willoughby,4161
SAL13027,North Wollongong,2299
SAL21970,North Wonthaggi,3475
SAL51157,Northam,6679
SAL13032,Northbridge (NSW),6493
SAL51159,Northbridge (WA),1420
SAL21971,Northcote,25276
SAL41050,Northfield,5043
SAL32188,Northgate (Qld),4876
SAL41051,Northgate (SA),3184
SAL13033,Northmead,11261
SAL32190,Norville,2476
SAL13036,Norwest,4688
SAL41053,Norwood (SA),6354
SAL60464,Norwood (Tas.),3869
SAL21974,Notting Hill,2895
SAL41055,Novar Gardens,2508
SAL13039,Nowra,9956
SAL13040,Nowra Hill,2141
SAL32193,Nudgee,4377
SAL51165,Nullagine,1159
SAL51167,Nulsen,1083
SAL21984,Numurkah,4604
SAL21985,Nunawading,12413
SAL32197,Nundah,13098
SAL41058,Nuriootpa,6901
SAL13060,Nyngan,1953
SAL21996,Nyora (Vic.),1644
SAL13064,Oak Flats,6840
SAL21998,Oak Park,6714
SAL13065,Oakdale (NSW),2028
SAL41065,Oakden,3583
SAL60471,Oakdowns,1897
SAL32209,Oakey,4756
SAL51174,Oakford,2803
SAL13069,Oakhurst (NSW),6947
SAL32211,Oakhurst (Qld),1717
SAL41067,Oaklands Park,3948
SAL22000,Oakleigh,8442
SAL22001,Oakleigh East,6804
SAL22002,Oakleigh South,9851
SAL13071,Oakville,2027
SAL13074,Oatlands (NSW),5833
SAL13075,Oatley,10664
SAL13079,Oberon,3319
SAL51175,Ocean Beach,1014
SAL22005,Ocean Grove,17714
SAL51176,Ocean Reef,8125
SAL13081,Ocean Shores,5777
SAL32218,Ocean View,1022
SAL80102,O'Connor (ACT),5917
SAL22006,Officer,18503
SAL22007,Officer South,1159
SAL41061,O'Halloran Hill,2722
SAL13084,Old Bar,5126
SAL60475,Old Beach,4394
SAL13086,Old Erowal Bay,1080
SAL13088,Old Guildford,2857
SAL41071,Old Noarlunga,1531
SAL41072,Old Reynella,3458
SAL13092,Old Toongabbie,3276
SAL22009,Olinda (Vic.),1773
SAL32224,One Mile (Qld),2038
SAL41075,One Tree Hill,1043
SAL41076,Onkaparinga Hills,2610
SAL32226,Oonoonba,2050
SAL32227,Ooralea,3691
SAL13102,Oran Park,17624
SAL51184,Orana,2035
SAL13103,Orange,41232
SAL13105,Orangeville,1354
SAL22014,Orbost,2264
SAL13106,Orchard Hills,1798
SAL51189,Orelia,4535
SAL32234,Ormeau,15938
SAL32235,Ormeau Hills,4521
SAL32236,Ormiston,6379
SAL22016,Ormond,8328
SAL41080,Osborne (SA),1951
SAL51190,Osborne Park,4463
SAL41062,O'Sullivan Beach,1844
SAL41081,Ottoway,2783
SAL13114,Ourimbah,4019
SAL22020,Ouyen,1170
SAL32241,Oxenford,12273
SAL80105,Oxley (ACT),1703
SAL32243,Oxley (Qld),9100
SAL13121,Oxley Park,4197
SAL13122,Oxley Vale,3935
SAL13123,Oyster Bay,5689
SAL32246,Pacific Heights,1111
SAL32247,Pacific Paradise,2675
SAL32248,Pacific Pines,16664
SAL51192,Padbury,8626
SAL13126,Paddington (NSW),12701
SAL32250,Paddington (Qld),9063
SAL13131,Padstow,14017
SAL13132,Padstow Heights,3594
SAL80106,Page,3054
SAL13136,Pagewood,3885
SAL22027,Pakenham,54118
SAL22029,Pakenham Upper,1196
SAL32255,Pallara,3861
SAL13143,Palm Beach (NSW),1652
SAL32257,Palm Beach (Qld),16349
SAL32258,Palm Cove,2450
SAL32260,Palm Island,2138
SAL80107,Palmerston (ACT),5579
SAL32264,Palmview,5236
SAL32265,Palmwoods (Qld),6357
SAL51197,Palmyra (WA),7585
SAL13151,Pambula,1002
SAL13155,Panania,13507
SAL41095,Panorama,2388
SAL22032,Panton Hill,1063
SAL41096,Para Hills,6793
SAL41097,Para Hills West,3295
SAL41098,Para Vista,3023
SAL51201,Paraburdoo,1324
SAL41101,Paradise (SA),7217
SAL32269,Paradise Point,7062
SAL41103,Parafield Gardens,18467
SAL41105,Paralowie,17504
SAL70219,Parap,2819
SAL41111,Paringa,1131
SAL32270,Park Avenue,5292
SAL60490,Park Grove,2613
SAL41113,Park Holme,3199
SAL22036,Park Orchards,3835
SAL32271,Park Ridge,8455
SAL32272,Park Ridge South,1680
SAL22037,Parkdale,12308
SAL51205,Parkerville,2432
SAL13162,Parkes (NSW),11324
SAL32273,Parkhurst,3043
SAL32274,Parkinson,11148
SAL13164,Parklea,3684
SAL32277,Parkside (Qld),1530
SAL41114,Parkside (SA),5126
SAL22038,Parkville (Vic.),7074
SAL32278,Parkwood (Qld),8837
SAL51209,Parkwood (WA),5995
SAL51210,Parmelia,6184
SAL13167,Parramatta,30211
SAL32279,Parramatta Park,3621
SAL32280,Parrearra,4661
SAL41120,Pasadena,3073
SAL22041,Pascoe Vale,18171
SAL22042,Pascoe Vale South,10534
SAL22047,Patterson Lakes,7793
SAL13173,Paxton,1215
SAL41123,Payneham,2438
SAL41124,Payneham South,1731
SAL22049,Paynesville (Vic.),3636
SAL32286,Peachester,1460
SAL32288,Peak Crossing,1016
SAL13177,Peak Hill (NSW),1162
SAL13179,Peakhurst,12079
SAL13180,Peakhurst Heights,2524
SAL80109,Pearce,2687
SAL22050,Pearcedale,3867
SAL51219,Pearsall,4244
SAL51222,Pegs Creek,2050
SAL13188,Pelaw Main,1080
SAL32294,Pelican Waters,7393
SAL13192,Pemulwuy,5532
SAL13193,Pendle Hill,7743
SAL60501,Penguin,4132
SAL13194,Pennant Hills,7588
SAL41136,Pennington,3773
SAL41137,Penola,1622
SAL13195,Penrith,17966
SAL13197,Penshurst (NSW),12592
SAL51225,Peppermint Grove,1597
SAL32298,Peregian Beach,4972
SAL32299,Peregian Springs,9532
SAL60503,Perth (Tas.),3472
SAL51230,Perth (WA),13670
SAL41143,Peterborough (SA),1490
SAL41144,Peterhead,1201
SAL13202,Petersham,8200
SAL32303,Petrie,8722
SAL32304,Petrie Terrace,1168
SAL80110,Phillip,5197
SAL32307,Pialba,4151
SAL51234,Piara Waters,15029
SAL51236,Piccadilly (WA),2305
SAL13211,Picnic Point,6413
SAL13212,Picton (NSW),5282
SAL32310,Pie Creek,1137
SAL32317,Pimlico (Qld),2557
SAL32318,Pimpama,24601
SAL32325,Pine Mountain (Qld),1695
SAL51247,Pinjarra,4914
SAL51248,Pink Lake,1042
SAL32333,Pioneer (Qld),2346
SAL13238,Pitt Town,3871
SAL32336,Pittsworth,3300
SAL32340,Plainland,1930
SAL22084,Plenty (Vic.),2575
SAL13242,Plumpton (NSW),10070
SAL41167,Plympton,5459
SAL41168,Plympton Park,3881
SAL13243,Point Clare,3974
SAL22086,Point Cook,66781
SAL13244,Point Frederick,2043
SAL22088,Point Lonsdale,3788
SAL13245,Point Piper,1334
SAL32344,Point Vernon,5718
SAL13248,Pokolbin,1049
SAL32345,Pomona (Qld),2931
SAL41185,Pooraka,7583
SAL22102,Porepunkah,1024
SAL41187,Port Adelaide,1338
SAL41189,Port Augusta,6437
SAL41190,Port Augusta West,4046
SAL41192,Port Broughton,1312
SAL51258,Port Denison,1452
SAL32352,Port Douglas,3650
SAL41194,Port Elliot,2251
SAL22105,Port Fairy,3742
SAL13256,Port Hacking,1210
SAL51259,Port Hedland,4081
SAL13257,Port Kembla,5088
SAL51260,Port Kennedy,13477
SAL41201,Port Lincoln,14458
SAL13258,Port Macquarie,47693
SAL22107,Port Melbourne,17633
SAL41206,Port Noarlunga,3245
SAL41207,Port Noarlunga South,3058
SAL41210,Port Pirie South,3878
SAL41211,Port Pirie West,2556
SAL60516,Port Sorell,2221
SAL41216,Port Willunga,1785
SAL22109,Portarlington,4436
SAL13262,Portland (NSW),2447
SAL22110,Portland (Vic.),10016
SAL13267,Potts Hill,1454
SAL13268,Potts Point,7183
SAL13269,Pottsville,7238
SAL22118,Prahran,12203
SAL13270,Prairiewood,3457
SAL22121,Preston (Vic.),33790
SAL13272,Prestons,15694
SAL13276,Primbee,1623
SAL60522,Primrose Sands,1209
SAL22122,Princes Hill,2005
SAL32368,Proserpine,3614
SAL13278,Prospect (NSW),5187
SAL41220,Prospect (SA),14584
SAL60524,Prospect (Tas.),1908
SAL60525,Prospect Vale,5433
SAL22124,Puckapunyal,1108
SAL32371,Pullenvale,3276
SAL13286,Punchbowl (Canterbury-Bankstown - NSW),21384
SAL13290,Putney,4097
SAL13294,Pymble,11775
SAL13297,Pyrmont,12658
SAL13299,Quakers Hill,27893
SAL22134,Quarry Hill,2365
SAL13304,Queanbeyan,6409
SAL13305,Queanbeyan East,4240
SAL13306,Queanbeyan West,3146
SAL13307,Queens Park (NSW),3143
SAL51271,Queens Park (WA),7268
SAL13309,Queenscliff (NSW),3407
SAL22135,Queenscliff (Vic.),1516
SAL41232,Queenstown (SA),1943
SAL60531,Queenstown (Tas.),1808
SAL32376,Queenton,1236
SAL51275,Quindalup,1488
SAL51278,Quinns Rocks,8861
SAL13314,Quirindi,3355
SAL41233,Quorn,1232
SAL13316,Raby,5943
SAL32381,Raceview,9699
SAL13317,Raglan (NSW),1272
SAL60533,Railton,1079
SAL32384,Railway Estate,2871
SAL32385,Rainbow Beach,1220
SAL13322,Ramsgate,1151
SAL13323,Ramsgate Beach,1734
SAL13325,Randwick,28943
SAL60536,Ranelagh,1484
SAL32390,Rangeville,8668
SAL51280,Rangeway,1871
SAL32391,Rangewood,1084
SAL13328,Rankin Park,2547
SAL70231,Rapid Creek,3261
SAL32393,Rasmussen,4669
SAL13332,Rathmines,2076
SAL22141,Ravenhall,2295
SAL32396,Ravenshoe,1332
SAL60538,Ravenswood (Tas.),3804
SAL51282,Ravenswood (WA),2483
SAL13338,Raworth,2094
SAL13340,Raymond Terrace,13453
SAL13341,Razorback,1174
SAL22147,Red Cliffs,5294
SAL80112,Red Hill (ACT),3146
SAL32400,Red Hill (Brisbane - Qld),5834
SAL22148,Red Hill (Vic.),1009
SAL22151,Redan,3000
SAL32403,Redbank (Qld),2931
SAL32405,Redbank Plains,24349
SAL32406,Redcliffe (Qld),10460
SAL51287,Redcliffe (WA),5030
SAL13352,Redfern,13072
SAL13353,Redhead,3785
SAL32410,Redland Bay,17056
SAL32411,Redlynch,10571
SAL41242,Redwood Park,5367
SAL32414,Reedy Creek (Qld),7412
SAL32416,Regency Downs,2623
SAL13358,Regents Park (NSW),4990
SAL32417,Regents Park (Qld),11103
SAL80113,Reid (ACT),1544
SAL41248,Renmark,4705
SAL41251,Renmark West,1358
SAL41252,Renown Park,1663
SAL13364,Renwick,1453
SAL22160,Research,2695
SAL22161,Reservoir (Vic.),51096
SAL13369,Revesby,15268
SAL13370,Revesby Heights,1916
SAL41253,Reynella,4836
SAL41254,Reynella East,1990
SAL13372,Rhodes,11453
SAL80114,Richardson,3058
SAL32423,Richlands (Qld),5621
SAL13375,Richmond (NSW),5418
SAL41256,Richmond (SA),3474
SAL60551,Richmond (Tas.),1583
SAL22170,Richmond (Vic.),28587
SAL32426,Richmond Hill (Qld),2453
SAL22172,Riddells Creek,4390
SAL41257,Ridgehaven,4304
SAL51296,Ridgewood (WA),4623
SAL41258,Ridleyton,1180
SAL22174,Ringwood (Vic.),19144
SAL22175,Ringwood East,10764
SAL22176,Ringwood North,9964
SAL32433,Ripley,4288
SAL22179,Ripponlea,1532
SAL41259,Risdon Park,3878
SAL41260,Risdon Park South,2230
SAL60556,Risdon Vale,3171
SAL32435,River Heads,2044
SAL32438,Riverhills,4121
SAL60557,Riverside (Tas.),7326
SAL13383,Riverstone,8627
SAL41263,Riverton (SA),1029
SAL51298,Riverton (WA),6078
SAL51299,Rivervale,10897
SAL13385,Riverview (NSW),3148
SAL32442,Riverview (Qld),3067
SAL13386,Riverwood,12793
SAL80115,Rivett,3354
SAL41264,Robe,1252
SAL13389,Robertson (NSW),2017
SAL32444,Robertson (Qld),4749
SAL32445,Robina,25659
SAL22183,Robinvale,3497
SAL32447,Rochedale,7633
SAL32448,Rochedale South,15228
SAL60559,Rocherlea,1033
SAL22184,Rochester (Vic.),3154
SAL22186,Rockbank,2583
SAL13394,Rockdale,15475
SAL32449,Rockhampton City,2059
SAL51301,Rockingham (WA),15312
SAL32451,Rocklea (Qld),1672
SAL32455,Rockville,3204
SAL32458,Rocky Point (Weipa - Qld),2214
SAL32459,Rockyview,1735
SAL13406,Rodd Point,1380
SAL60564,Rokeby (Tas.),4211
SAL51308,Roleystone,6848
SAL32464,Roma,6838
SAL60566,Romaine,1850
SAL22193,Romsey,5797
SAL13410,Rooty Hill,16176
SAL13411,Ropes Crossing,7280
SAL22194,Rosanna,8616
SAL13412,Rose Bay (NSW),9911
SAL60567,Rose Bay (Tas.),1188
SAL41273,Rose Park,1375
SAL13419,Rosebery (NSW),13533
SAL70234,Rosebery (NT),4127
SAL22198,Rosebud,14381
SAL22199,Rosedale (Vic.),1729
SAL13422,Rosehill (NSW),4047
SAL13423,Roselands,12356
SAL13424,Rosemeadow,8007
SAL32471,Rosemount,1851
SAL32473,Rosenthal Heights,2664
SAL60570,Rosetta,2833
SAL13426,Roseville,10340
SAL13427,Roseville Chase,1618
SAL41276,Rosewater,3582
SAL32475,Rosewood (Qld),3263
SAL41277,Roseworthy,1041
SAL22203,Ross Creek (Vic.),1221
SAL32478,Rosslea,1903
SAL41278,Rosslyn Park,1469
SAL13434,Rossmore (NSW),2241
SAL51312,Rossmoyne,3638
SAL41279,Rostrevor,8452
SAL32483,Rothwell,7538
SAL13444,Rouse Hill,11349
SAL22207,Rowville,33571
SAL22208,Roxburgh Park,24129
SAL41281,Roxby Downs,3671
SAL41282,Royal Park,3453
SAL13449,Royalla,1063
SAL41283,Royston Park,1246
SAL13450,Rozelle,8553
SAL32490,Runaway Bay,9308
SAL32491,Runcorn,14199
SAL32495,Rural View,5657
SAL13458,Ruse,5632
SAL13459,Rushcutters Bay,2335
SAL22215,Rushworth,1411
SAL32497,Russell Island,3698
SAL13462,Russell Lea,4920
SAL13463,Russell Vale,1593
SAL13464,Rutherford,13091
SAL22217,Rutherglen,2579
SAL13468,Rydalmere,7274
SAL13469,Ryde,31907
SAL22220,Rye,9438
SAL70237,Sadadeen,2307
SAL13476,Sadleir,3243
SAL32502,Sadliers Crossing,1358
SAL51319,Safety Bay,7662
SAL13477,Safety Beach (NSW),1103
SAL22222,Safety Beach (Vic.),6328
SAL13478,Salamander Bay,4991
SAL22226,Sale,14296
SAL32504,Salisbury (Qld),6790
SAL41288,Salisbury (SA),8841
SAL41289,Salisbury Downs,6296
SAL41290,Salisbury East,9273
SAL41291,Salisbury Heights,4488
SAL41292,Salisbury North,10683
SAL41293,Salisbury Park,2276
SAL41294,Salisbury Plain,1333
SAL13482,Salt Ash,1103
SAL51321,Salter Point,2913
SAL32505,Samford Valley,3208
SAL51322,Samson,1881
SAL13485,San Remo (NSW),4434
SAL22229,San Remo (Vic.),1700
SAL51323,San Remo (WA),1022
SAL13487,Sanctuary Point,7874
SAL60584,Sandford (Tas.),2046
SAL32508,Sandgate (Qld),4926
SAL22232,Sandhurst,5211
SAL13493,Sandringham (NSW),1275
SAL22234,Sandringham (Vic.),10926
SAL32511,Sandstone Point,4094
SAL60585,Sandy Bay,12315
SAL13494,Sandy Beach,2913
SAL13504,Sans Souci,10864
SAL13506,Sapphire Beach,2660
SAL32516,Sapphire Central,1214
SAL13507,Saratoga,3982
SAL32518,Sarina,5619
SAL13513,Sawtell,3788
SAL51328,Sawyers Valley,1001
SAL32524,Scarborough (Qld),9178
SAL51330,Scarborough (WA),17605
SAL32525,Scarness,3646
SAL13517,Schofields,15213
SAL13518,Scone,5824
SAL22242,Scoresby,6066
SAL60592,Scottsdale,2408
SAL80117,Scullin,3069
SAL22247,Seabrook,4952
SAL41311,Seacliff,2117
SAL41312,Seacliff Park,2644
SAL41313,Seacombe Gardens,3373
SAL41314,Seacombe Heights,1549
SAL41315,Seaford (SA),4493
SAL22249,Seaford (Vic.),17215
SAL41316,Seaford Heights,1079
SAL41317,Seaford Meadows,5102
SAL41318,Seaford Rise,6105
SAL13524,Seaforth (NSW),7384
SAL13525,Seaham,1011
SAL22250,Seaholme,2067
SAL41320,Seaton (SA),10877
SAL41321,Seaview Downs,2718
SAL22255,Sebastopol (Vic.),10194
SAL51337,Secret Harbour,12474
SAL22256,Seddon (Vic.),5143
SAL13531,Sefton,6300
SAL41326,Sefton Park,1274
SAL22258,Selby,1626
SAL41327,Sellicks Beach,2705
SAL41329,Semaphore,2749
SAL41330,Semaphore Park,4541
SAL41331,Semaphore South,1031
SAL51339,Serpentine (WA),2863
SAL13533,Seven Hills (NSW),20095
SAL32537,Seven Hills (Qld),2732
SAL60595,Seven Mile Beach,1467
SAL32539,Seventeen Mile Rocks,2699
SAL22263,Seville,2559
SAL51340,Seville Grove,11408
SAL22265,Seymour (Vic.),6569
SAL32544,Shailer Park,12182
SAL13538,Shalvey,3455
SAL32546,Sharon,1209
SAL60598,Shearwater,2051
SAL60599,Sheffield,1602
SAL41338,Sheidow Park,6731
SAL32550,Sheldon,1762
SAL13547,Shell Cove,7591
SAL51345,Shelley (WA),4795
SAL13548,Shellharbour,3520
SAL13550,Shelly Beach (NSW),1313
SAL51346,Shenton Park,4638
SAL22275,Shepparton,32067
SAL22276,Shepparton East,1192
SAL22277,Shepparton North,2048
SAL32554,Sherwood (Qld),6082
SAL13554,Shoal Bay (NSW),1815
SAL32556,Shoal Point,1104
SAL13555,Shoalhaven Heads,3248
SAL51348,Shoalwater (WA),4368
SAL60600,Shorewell Park,2150
SAL32558,Shorncliffe,1907
SAL13557,Shortland,4537
SAL32560,Silkstone,3830
SAL22281,Silvan,1323
SAL51351,Silver Sands,1451
SAL13559,Silverdale (NSW),4543
SAL13562,Silverwater (Parramatta - NSW),3600
SAL51352,Sinagra,3100
SAL13564,Singleton (NSW),5185
SAL51354,Singleton (WA),4021
SAL13565,Singleton Heights,4896
SAL32573,Sinnamon Park,6590
SAL32574,Sippy Downs,11544
SAL13569,Skennars Head,1303
SAL22291,Skye (Vic.),8088
SAL32576,Slacks Creek,10408
SAL32577,Slade Point,3450
SAL13575,Smithfield (NSW),13160
SAL32579,Smithfield (Qld),6664
SAL41346,Smithfield (SA),2482
SAL41347,Smithfield Plains,3305
SAL13579,Smiths Lake,1332
SAL60606,Smithton,3934
SAL22298,Smythes Creek,1762
SAL22299,Smythesdale,1189
SAL60607,Snug,1440
SAL32581,Soldiers Hill (Qld),1796
SAL22302,Soldiers Hill (Vic.),2813
SAL13586,Soldiers Point,1564
SAL41351,Solomontown,1088
SAL22303,Somers,1857
SAL13587,Somersby,1087
SAL60608,Somerset (Tas.),4067
SAL41352,Somerton Park,5811
SAL22305,Somerville (Vic.),11767
SAL51359,Somerville (WA),4165
SAL60609,Sorell,3597
SAL22306,Sorrento (Vic.),2013
SAL51360,Sorrento (WA),7795
SAL13589,South Albury,1372
SAL13593,South Bathurst,1583
SAL51362,South Boulder,1506
SAL13594,South Bowenfels,1326
SAL41353,South Brighton,2763
SAL32587,South Brisbane,14292
SAL51363,South Bunbury,8810
SAL13595,South Coogee,5611
SAL51368,South Fremantle,3398
SAL22308,South Geelong,1014
SAL32589,South Gladstone,3476
SAL13598,South Grafton,6288
SAL13599,South Granville,5829
SAL51371,South Guildford,3781
SAL51372,South Hedland,11046
SAL60615,South Hobart,5886
SAL13603,South Hurstville,5221
SAL51373,South Kalgoorlie,4416
SAL13604,South Kempsey,2604
SAL22309,South Kingsville,2156
SAL32593,South Kolan,1258
SAL51377,South Lake,5831
SAL60616,South Launceston,4894
SAL13605,South Lismore,1775
SAL32594,South Mackay,6918
SAL32595,South Maclean,2232
SAL22310,South Melbourne,11548
SAL22311,South Morang,24989
SAL13609,South Murwillumbah,1064
SAL13610,South Nowra,3165
SAL13612,South Penrith,12005
SAL51381,South Perth,12596
SAL41356,South Plympton,4721
SAL32598,South Ripley,4069
SAL13613,South Tamworth,6621
SAL32601,South Toowoomba,5512
SAL32602,South Townsville,2424
SAL13614,South Turramurra,3208
SAL13615,South Wentworthville,6913
SAL13616,South West Rocks,5058
SAL13617,South Windsor,5948
SAL22314,South Yarra,25028
SAL51390,South Yunderup,3860
SAL22315,Southbank,22631
SAL51394,Southern River,12852
SAL32611,Southport (Qld),36786
SAL32612,Southside,6312
SAL51395,Spalding (WA),1992
SAL51396,Spearwood,10944
SAL13621,Speers Point,3400
SAL80118,Spence (ACT),2587
SAL51397,Spencer Park,3445
SAL22319,Spotswood,2820
SAL60628,Spreyton,1876
SAL13628,Spring Farm (NSW),9868
SAL22320,Spring Gully (Vic.),3092
SAL32623,Spring Hill (Qld),6593
SAL32624,Spring Mountain (Qld),6085
SAL13638,Springdale Heights,2644
SAL13639,Springfield (Central Coast - NSW),4310
SAL32627,Springfield (Ipswich - Qld),7322
SAL32630,Springfield Lakes,17211
SAL13643,Springvale (NSW),1851
SAL22328,Springvale (Vic.),22174
SAL22329,Springvale South,12766
SAL13644,Springwood (NSW),8423
SAL32635,Springwood (Qld),9710
SAL41366,St Agnes (SA),4233
SAL22330,St Albans (Vic.),38042
SAL22331,St Albans Park,4942
SAL13646,St Andrews (NSW),5785
SAL22332,St Andrews (Vic.),1186
SAL22334,St Arnaud,2318
SAL13647,St Clair (Penrith - NSW),19942
SAL41367,St Clair (SA),2634
SAL32639,St George (Qld),3130
SAL51401,St George Ranges,1133
SAL41368,St Georges,1726
SAL13651,St Georges Basin,3215
SAL22339,St Helena,2890
SAL60632,St Helens (Tas.),2206
SAL13652,St Helens Park,6647
SAL13653,St Huberts Island,1080
SAL13654,St Ives (NSW),18384
SAL13655,St Ives Chase,3283
SAL51402,St James (WA),4894
SAL13656,St Johns Park,6302
SAL22343,St Kilda (Vic.),19490
SAL22344,St Kilda East,12571
SAL22345,St Kilda West,2951
SAL13657,St Leonards (NSW),7212
SAL60633,St Leonards (Tas.),2351
SAL22346,St Leonards (Vic.),3542
SAL32645,St Lucia,12220
SAL13658,St Marys (NSW),13256
SAL41373,St Marys (SA),3010
SAL41374,St Morris,1598
SAL13659,St Peters (NSW),3629
SAL41375,St Peters (SA),3231
SAL32649,Stafford,6978
SAL32650,Stafford Heights,6992
SAL13664,Stanhope Gardens,9349
SAL13665,Stanmore (NSW),7619
SAL32655,Stanthorpe,5286
SAL13668,Stanwell Park,1532
SAL22354,Stawell,6220
SAL80119,Stirling (ACT),2191
SAL41384,Stirling (SA),3067
SAL51405,Stirling (WA),10165
SAL41385,Stirling North,2793
SAL32663,Stockleigh,1152
SAL13677,Stockton (NSW),4046
SAL32672,Stones Corner,2336
SAL51408,Stoneville,2489
SAL41393,Stonyfell,1266
SAL32676,Stratford (Qld),1198
SAL22369,Stratford (Vic.),2980
SAL41395,Strathalbyn (SA),7246
SAL51410,Strathalbyn (WA),1165
SAL22373,Strathdale,5756
SAL32677,Strathdickie,1003
SAL13690,Strathfield (NSW),25915
SAL13691,Strathfield South,3636
SAL22376,Strathfieldsaye,6850
SAL22379,Strathmerton,1072
SAL22380,Strathmore (Vic.),8980
SAL22381,Strathmore Heights,1047
SAL32680,Strathpine,10647
SAL22382,Strathtulloh,3997
SAL51413,Stratton,3267
SAL41396,Streaky Bay,1436
SAL32681,Stretton,4686
SAL32683,Stuart (Qld),1576
SAL70245,Stuart Park,4101
SAL41401,Sturt (SA),2787
SAL51416,Subiaco,9940
SAL51417,Success,11340
SAL13699,Suffolk Park,4222
SAL13702,Summer Hill (Inner West - NSW),7288
SAL60653,Summerhill,3139
SAL13705,Summerland Point,2708
SAL32690,Sun Valley (Qld),1296
SAL22391,Sunbury,38851
SAL32694,Sunnybank,8892
SAL32695,Sunnybank Hills,18085
SAL32697,Sunrise Beach,3687
SAL32698,Sunset,2137
SAL51419,Sunset Beach,1558
SAL22395,Sunshine (Vic.),9445
SAL32699,Sunshine Acres,1009
SAL13710,Sunshine Bay,1439
SAL32700,Sunshine Beach,2480
SAL22396,Sunshine North,12047
SAL22397,Sunshine West,18552
SAL13712,Surf Beach (NSW),1934
SAL32702,Surfers Paradise,26412
SAL13713,Surfside,1456
SAL41410,Surrey Downs,3358
SAL22399,Surrey Hills,13655
SAL13714,Surry Hills,15828
SAL13715,Sussex Inlet,3888
SAL13716,Sutherland (NSW),11570
SAL13717,Sutton (NSW),1556
SAL32705,Svensson Heights,3334
SAL22405,Swan Hill,11186
SAL51420,Swan View,7889
SAL51421,Swanbourne,4592
SAL13726,Swansea (NSW),5044
SAL13729,Sydenham (NSW),1100
SAL22414,Sydenham (Vic.),10578
SAL13730,Sydney,16667
SAL13731,Sydney Olympic Park,4848
SAL13732,Sylvania,10749
SAL13733,Sylvania Waters,3200
SAL13737,Table Top,1516
SAL13742,Tahmoor,5777
SAL32717,Taigum,7801
SAL41416,Tailem Bend,1705
SAL32724,Tallai,4465
SAL22426,Tallangatta,1175
SAL13747,Tallawong,6570
SAL32725,Tallebudgera,3826
SAL32726,Tallebudgera Valley,1762
SAL13757,Tamarama,1478
SAL32731,Tamborine,4388
SAL32732,Tamborine Mountain,8105
SAL32735,Tanah Merah,4754
SAL32736,Tanawha,1312
SAL13764,Tanilba Bay,3237
SAL32742,Tannum Sands,5227
SAL41420,Tanunda,4710
SAL41421,Taperoo,3250
SAL51435,Tapping,9547
SAL32745,Tara (Qld),1980
SAL32748,Taranganba,2275
SAL51436,Tarcoola Beach,1360
SAL13779,Taree,16715
SAL13781,Taren Point,1879
SAL32751,Taringa,8732
SAL22451,Tarneit,56370
SAL32756,Taroomball,1136
SAL60668,Taroona,3121
SAL32757,Tarragindi,11035
SAL13784,Tarrawanna,2184
SAL13786,Tarro,1703
SAL13787,Tascott,1675
SAL13789,Tathra,1527
SAL13790,Tatton,2560
SAL22467,Tatura,4955
SAL22471,Tawonga South,1012
SAL80122,Taylor,2220
SAL22473,Taylors Hill,15419
SAL22474,Taylors Lakes,15174
SAL13794,Tea Gardens,3288
SAL41432,Tea Tree Gully,3499
SAL22476,Tecoma,2064
SAL22479,Teesdale (Vic.),2308
SAL13795,Telarah,2318
SAL32767,Telina,2197
SAL13797,Telopea,5356
SAL13799,Temora,4706
SAL13800,Tempe,3550
SAL22483,Templestowe,16966
SAL22484,Templestowe Lower,14098
SAL13802,Tenambit,3088
SAL32770,Teneriffe,5520
SAL70251,Tennant Creek,3080
SAL32771,Tennyson (Qld),1109
SAL41436,Tennyson (SA),1137
SAL13805,Tennyson Point,1247
SAL13807,Tenterfield,4067
SAL13808,Teralba,2654
SAL22488,Terang,2254
SAL13817,Terranora,3365
SAL13819,Terrey Hills,3142
SAL13820,Terrigal,12730
SAL32774,Tewantin,11164
SAL32776,Thabeban,2971
SAL32777,Thagoona,1077
SAL22496,The Basin (Vic.),4497
SAL13834,The Entrance,4244
SAL13835,The Entrance North,1619
SAL32790,The Gap (Brisbane - Qld),17318
SAL70253,The Gap (NT),1945
SAL13842,The Hill,2076
SAL13847,The Oaks,2982
SAL32801,The Palms,1083
SAL22501,The Patch,1046
SAL13851,The Ponds,16315
SAL32804,The Range (Qld),5231
SAL13854,The Rock,1347
SAL51446,The Vines,5848
SAL41443,Thebarton,1442
SAL80124,Theodore (ACT),3798
SAL13863,Thirlmere,4986
SAL13864,Thirroul,6348
SAL22504,Thomastown,20234
SAL22506,Thomson (Greater Geelong - Vic.),1606
SAL22508,Thornbury,19005
SAL32814,Thorneside,3877
SAL22509,Thornhill Park,3066
SAL32815,Thornlands,19263
SAL13866,Thornleigh,8898
SAL51448,Thornlie,23665
SAL13867,Thornton (NSW),10690
SAL80125,Throsby,2405
SAL13869,Thrumster,2382
SAL13873,Thurgoona,11028
SAL32822,Thuringowa Central,1953
SAL32823,Thursday Island,2805
SAL13880,Tighes Hill,1801
SAL22516,Timboon,1250
SAL32826,Tin Can Bay,2293
SAL32827,Tinana,5872
SAL32830,Tinbeerwah,1160
SAL32831,Tingalpa,8461
SAL13892,Tingira Heights,2043
SAL13893,Tinonee,1202
SAL32837,Tivoli,1460
SAL70262,Tiwi,2511
SAL13903,Tocumwal,2862
SAL32840,Tolga,3177
SAL13905,Tolland,3459
SAL51456,Tom Price,2910
SAL13908,Tomakin,1233
SAL13912,Tomerong,1194
SAL22528,Tongala,1973
SAL51458,Toodyay,1362
SAL32844,Toogoolawah,1200
SAL32845,Toogoom,2596
SAL13925,Toongabbie (NSW),16177
SAL22543,Toongabbie (Vic.),1085
SAL22546,Tooradin,1722
SAL22547,Toorak,12817
SAL41461,Toorak Gardens,2604
SAL13930,Toormina,6171
SAL22550,Tootgarook,3178
SAL32854,Toowong,12556
SAL32855,Toowoomba City,2321
SAL13936,Toronto,5973
SAL32859,Torquay (Qld),6533
SAL22551,Torquay (Vic.),18534
SAL80126,Torrens,2424
SAL41464,Torrens Park,2687
SAL41466,Torrensville,4110
SAL32862,Torrington (Qld),1070
SAL13943,Toukley,4557
SAL32867,Townsville City,2945
SAL32868,Townview,2067
SAL13947,Towradgi,3241
SAL22565,Trafalgar (Vic.),4349
SAL13950,Trangie,1073
SAL41471,Tranmere (SA),4136
SAL60686,Tranmere (Tas.),2218
SAL22569,Traralgon,26907
SAL22570,Traralgon East,1780
SAL22572,Travancore,2116
SAL51467,Treeby,4214
SAL13952,Tregear,3700
SAL22577,Trentham,1382
SAL60689,Trevallyn,4826
SAL51470,Trigg,2855
SAL32872,Trinity Beach,6594
SAL41472,Trinity Gardens,1264
SAL32873,Trinity Park,3536
SAL41473,Trott Park,3124
SAL22582,Truganina,36305
SAL51472,Tuart Hill,7541
SAL13969,Tuggerawong,1285
SAL32881,Tugun,7175
SAL22586,Tullamarine,6733
SAL13976,Tullimbar,1840
SAL32882,Tully,2368
SAL13979,Tumbarumba,1915
SAL13980,Tumbi Umbi,5369
SAL41476,Tumby Bay,1781
SAL13984,Tumut,6613
SAL13987,Tuncurry,6376
SAL13991,Tura Beach,3405
SAL80127,Turner,4470
SAL60699,Turners Beach,1966
SAL13997,Tuross Head,2353
SAL13998,Turramurra,12850
SAL14000,Turrella,2673
SAL14001,Turvey Park,3572
SAL41479,Tusmore,1503
SAL14002,Tweed Heads,9176
SAL14003,Tweed Heads South,7941
SAL14004,Tweed Heads West,6176
SAL32890,Twin Waters,2966
SAL51475,Two Rocks,3822
SAL41480,Two Wells,3233
SAL22594,Tyabb,3449
SAL14021,Ulladulla,7262
SAL14024,Ultimo,7410
SAL60702,Ulverstone,6653
SAL14025,Umina Beach,17372
SAL14026,Unanderra,5476
SAL41488,Underdale,2429
SAL32897,Underwood (Qld),6809
SAL41490,Unley,3997
SAL41491,Unley Park,1383
SAL60705,Upper Burnie,1891
SAL32901,Upper Caboolture,5087
SAL32902,Upper Coomera,27180
SAL22614,Upper Ferntree Gully,3417
SAL32912,Upper Kedron,5800
SAL32914,Upper Mount Gravatt,10800
SAL41494,Upper Sturt,1005
SAL22620,Upwey,6818
SAL14069,Uralla (NSW),2728
SAL32922,Urangan,10988
SAL32923,Urraween,7951
SAL41497,Urrbrae,1070
SAL14079,Urunga,3185
SAL51485,Usher,2137
SAL51486,Utakarra,1467
SAL41499,Vale Park,2452
SAL14083,Valentine,5773
SAL14085,Valla,1052
SAL14086,Valla Beach,1455
SAL14087,Valley Heights,1188
SAL41500,Valley View,6405
SAL32931,Varsity Lakes,16493
SAL51489,Vasse,2853
SAL14089,Vaucluse,9510
SAL22627,Vermont,10993
SAL22628,Vermont South,11954
SAL41505,Victor Harbor,4520
SAL51490,Victoria Park,9334
SAL32943,Victoria Point (Qld),15140
SAL22633,Viewbank,7030
SAL14092,Villawood,7051
SAL32947,Vincent,2213
SAL14093,Vincentia,3870
SAL14094,Vineyard,1143
SAL70274,Virginia (NT),1811
SAL32949,Virginia (Qld),2395
SAL41507,Virginia (SA),2759
SAL41508,Vista,1035
SAL51494,Viveash,1280
SAL14097,Voyager Point,1678
SAL32950,Wacol,4253
SAL14098,Wadalba,4204
SAL70275,Wadeye,1924
SAL70277,Wagaman,2023
SAL14101,Wagga Wagga,7198
SAL51500,Waggrakine,2679
SAL51501,Wagin,1448
SAL22644,Wahgunyah,1061
SAL14103,Wahroonga,17853
SAL41511,Waikerie,2681
SAL51502,Waikiki,12453
SAL14104,Waitara,7837
SAL14107,Wakeley,4893
SAL32955,Wakerley,8718
SAL14111,Walcha,2475
SAL14114,Walgett,1824
SAL32959,Walkerston,3615
SAL32960,Walkervale,2981
SAL41514,Walkerville (SA),2867
SAL41515,Walkley Heights,3513
SAL14119,Wallacia,1711
SAL14122,Wallalong,1049
SAL22661,Wallan,15004
SAL41518,Wallaroo (SA),3699
SAL14132,Wallerawang,2019
SAL22663,Wallington,1515
SAL51508,Walliston,1016
SAL32968,Walloon,2305
SAL14136,Wallsend,13244
SAL14140,Wamberal,6991
SAL14141,Wamboin,1805
SAL32977,Wamuran,3374
SAL32979,Wandal,3949
SAL22669,Wandana Heights,2195
SAL51519,Wandi,4324
SAL22673,Wandin North,3132
SAL51521,Wandina,4375
SAL22676,Wandong,1477
SAL22680,Wangaratta (Vic.),19214
SAL14153,Wangi Wangi,2920
SAL70280,Wanguri,1836
SAL51525,Wannanup,4142
SAL51526,Wanneroo,12113
SAL80129,Wanniassa,7885
SAL22685,Wantirna,14237
SAL22686,Wantirna South,20754
SAL14158,Warabrook,1982
SAL80130,Waramanga,2785
SAL32986,Warana,3831
SAL14159,Waratah (NSW),4927
SAL14160,Waratah West,3142
SAL22689,Warburton (Vic.),2020
SAL14166,Wareemba,1519
SAL14167,Warialda,1480
SAL14169,Warilla,6226
SAL51534,Warnbro,10828
SAL32991,Warner,12264
SAL14171,Warners Bay,8237
SAL51536,Waroona,2868
SAL22697,Warracknabeal,2359
SAL41539,Warradale,5801
SAL14176,Warragamba,1202
SAL22698,Warragul,19856
SAL22702,Warrandyte,5541
SAL60718,Warrane,2695
SAL22704,Warranwood,4820
SAL14183,Warrawee,3170
SAL14185,Warrawong,4659
SAL14189,Warren,1272
SAL14191,Warriewood,8379
SAL14192,Warrimoo,2452
SAL22710,Warrnambool,31308
SAL33000,Warwick (Qld),12294
SAL51541,Warwick (WA),3858
SAL14195,Warwick Farm,6135
SAL14199,Watanobbi,3980
SAL33004,Waterford (Qld),5796
SAL51544,Waterford (WA),2460
SAL33005,Waterford West,6942
SAL14201,Waterloo (NSW),16379
SAL41547,Waterloo Corner,1103
SAL51546,Watermans Bay,1369
SAL14204,Waterview Heights,1364
SAL22720,Waterways,2422
SAL80131,Watson,6727
SAL22721,Watsonia,5352
SAL22722,Watsonia North,3799
SAL22727,Wattle Glen,1911
SAL14210,Wattle Grove (NSW),8886
SAL51549,Wattle Grove (WA),6547
SAL41551,Wattle Park,1885
SAL14211,Wattle Ponds,1193
SAL14214,Wauchope,6589
SAL22730,Waurn Ponds,4956
SAL33015,Wavell Heights,10336
SAL14217,Waverley (NSW),4216
SAL60724,Waverley (Tas.),1583
SAL14219,Waverton,2981
SAL41555,Wayville,1922
SAL14228,Wee Waa,2034
SAL80132,Weetangera,2795
SAL22740,Weir Views,4348
SAL51558,Wellard,14127
SAL33026,Wellesley Islands,1022
SAL14238,Wellington (NSW),4096
SAL33027,Wellington Point,12661
SAL51564,Wembley,12061
SAL51565,Wembley Downs,6743
SAL22745,Wendouree,10376
SAL14242,Wentworth (NSW),1577
SAL14243,Wentworth Falls,6428
SAL14244,Wentworth Point,12703
SAL14245,Wentworthville,15098
SAL22750,Werribee,50027
SAL22751,Werribee South,2392
SAL14252,Werrington,5328
SAL14253,Werrington County,3698
SAL14254,Werrington Downs,3221
SAL14255,Werris Creek,1478
SAL22753,Wesburn,1052
SAL14256,West Albury,3872
SAL14257,West Ballina,3230
SAL14258,West Bathurst,3634
SAL41564,West Beach (SA),5175
SAL51567,West Beach (WA),1483
SAL51569,West Busselton,8869
SAL41566,West Croydon,4242
SAL33033,West End (Brisbane - Qld),14730
SAL33034,West End (Townsville - Qld),3891
SAL22756,West Footscray,11729
SAL33035,West Gladstone,4844
SAL14261,West Gosford,1602
SAL14262,West Haven,1139
SAL41567,West Hindmarsh,1560
SAL60732,West Hobart,6525
SAL14263,West Hoxton,10152
SAL14264,West Kempsey,5073
SAL41568,West Lakes,6768
SAL41569,West Lakes Shore,3236
SAL51577,West Lamington,1373
SAL60734,West Launceston,4316
SAL51578,West Leederville,4340
SAL33038,West Mackay,6536
SAL22757,West Melbourne,8025
SAL60736,West Moonah,4522
SAL14265,West Nowra,1504
SAL14266,West Pennant Hills,16620
SAL51580,West Perth,6102
SAL14267,West Pymble,5441
SAL41571,West Richmond,1087
SAL33041,West Rockhampton,1848
SAL14268,West Ryde,13171
SAL14269,West Tamworth,5471
SAL60742,West Ulverstone,4515
SAL14270,West Wallsend,2981
SAL22758,West Wodonga,14794
SAL14272,West Wollongong,5223
SAL33044,West Woombye,1083
SAL14273,West Wyalong,3037
SAL41573,Westbourne Park,2564
SAL33045,Westbrook (Qld),4408
SAL60743,Westbury (Tas.),2272
SAL33046,Westcourt,3841
SAL14276,Westdale (Tamworth Regional - NSW),2963
SAL33049,Westlake,4547
SAL14277,Westleigh,4501
SAL14278,Westmead,16555
SAL22761,Westmeadows,6502
SAL51588,Westminster,7042
SAL80133,Weston (ACT),4000
SAL14279,Weston (NSW),4088
SAL14281,Wetherill Park,6412
SAL14283,Whalan,5929
SAL14285,Wheeler Heights,3232
SAL22766,Wheelers Hill,20652
SAL51592,Whitby,1005
SAL51593,White Gum Valley,3358
SAL22769,White Hills (Vic.),3620
SAL33062,White Rock (Cairns - Qld),4918
SAL14293,Whitebridge,2900
SAL33065,Whitfield (Qld),4262
SAL33066,Whitsundays,2281
SAL22774,Whittington,3990
SAL22775,Whittlesea,6117
SAL41585,Whyalla,3609
SAL41587,Whyalla Jenkins,1961
SAL41588,Whyalla Norrie,6288
SAL41589,Whyalla Playford,2540
SAL41590,Whyalla Stuart,6476
SAL14302,Wickham (NSW),1637
SAL51601,Wickham (WA),2022
SAL14305,Wilberforce (NSW),2957
SAL14310,Wiley Park,10016
SAL51610,Willagee,5447
SAL41600,Willaston,3458
SAL51612,Willetton,19262
SAL22791,Williams Landing,9448
SAL41602,Williamstown (SA),2981
SAL22792,Williamstown (Vic.),14407
SAL22793,Williamstown North,1622
SAL14319,Willmot,2382
SAL14320,Willoughby (NSW),7124
SAL14321,Willoughby East,1864
SAL33078,Willow Vale (Qld),2279
SAL33079,Willowbank,1351
SAL41610,Willunga,2445
SAL51617,Wilson,6608
SAL33087,Wilsonton,5891
SAL33088,Wilsonton Heights,2747
SAL33089,Wilston,4110
SAL14329,Wilton (NSW),3767
SAL22802,Winchelsea,2456
SAL14333,Windale,3421
SAL14334,Windang,2610
SAL33091,Windaroo,2771
SAL14342,Windradyne,3309
SAL14343,Windsor (NSW),1915
SAL33096,Windsor (Qld),7811
SAL22805,Windsor (Vic.),7273
SAL14344,Windsor Downs,1183
SAL41616,Windsor Gardens,5827
SAL14350,Wingham,5395
SAL14352,Winmalee,6388
SAL33098,Winston,1084
SAL14353,Winston Hills,12123
SAL22814,Winter Valley,3440
SAL51623,Winthrop,6020
SAL33102,Wishart (Qld),11333
SAL33103,Withcott,2067
SAL51625,Withers,2979
SAL33105,Witta,1296
SAL22819,Wodonga,20259
SAL22820,Wollert,24407
SAL14371,Wolli Creek,10654
SAL14375,Wollongbar,3261
SAL14376,Wollongong,20446
SAL14377,Wollstonecraft,8115
SAL33118,Wondai,1975
SAL33121,Wondunna,3315
SAL33122,Wonga Beach,1042
SAL22825,Wonga Park,3843
SAL33124,Wongaling Beach,1323
SAL33125,Wongawallan,1415
SAL14392,Wongawilli,1213
SAL22829,Wonthaggi,5215
SAL51635,Wonthella,1711
SAL14395,Woodberry,3024
SAL14396,Woodbine (NSW),2780
SAL51637,Woodbridge (WA),1207
SAL14399,Woodcroft (NSW),6597
SAL41637,Woodcroft (SA),11326
SAL33130,Woodend (Qld),1483
SAL22833,Woodend (Vic.),6732
SAL14401,Woodford (NSW),1953
SAL33132,Woodford (Qld),4022
SAL41638,Woodforde,1024
SAL33133,Woodgate,1521
SAL33134,Woodhill (Qld),1231
SAL51638,Woodlands (WA),4551
SAL14408,Woodpark,1706
SAL33138,Woodridge (Qld),12982
SAL14409,Woodrising,1176
SAL70292,Woodroffe,3175
SAL41642,Woodside (SA),2701
SAL51641,Woodvale (WA),9579
SAL41643,Woodville (SA),2180
SAL41644,Woodville Gardens,2412
SAL41645,Woodville North,2721
SAL41646,Woodville Park,1852
SAL41647,Woodville South,3464
SAL41648,Woodville West,3854
SAL33141,Woody Point,4548
SAL14420,Woolgoolga,6151
SAL14422,Woollahra,7189
SAL14424,Woolloomooloo,3792
SAL33144,Woolloongabba,8687
SAL14428,Woolooware,5060
SAL33149,Wooloowin,4029
SAL33151,Woombye,3944
SAL14433,Woongarrah,5962
SAL14434,Woonona,12374
SAL33156,Woorabinda,1019
SAL22857,Woori Yallock,2964
SAL33157,Woorim,1843
SAL51646,Wooroloo,2613
SAL51647,Woorree,1295
SAL33165,Woree,5127
SAL33166,Worongary,6021
SAL14438,Woronora,2043
SAL14440,Woronora Heights,2781
SAL14441,Worrigee,5384
SAL41657,Worrolong,1293
SAL14443,Woy Woy,11072
SAL80135,Wright,3808
SAL70294,Wulagi,2510
SAL33172,Wulguru,4389
SAL33173,Wulkuraka,1325
SAL51651,Wundowie,1372
SAL22875,Wurruk,1177
SAL70295,Wurrumiyanga,1421
SAL33177,Wurtulla,6254
SAL22876,Wy Yung,1940
SAL14456,Wyee,2909
SAL14457,Wyee Point,1171
SAL22883,Wyndham Vale,20518
SAL41663,Wynn Vale,7865
SAL33188,Wynnum,14036
SAL33189,Wynnum West,12790
SAL60769,Wynyard,6296
SAL14463,Wyoming,10111
SAL14464,Wyong,4530
SAL14466,Wyongah,2020
SAL33190,Wyreema,2076
SAL22889,Yackandandah,2008
SAL14471,Yagoona,19651
SAL51660,Yakamia,3025
SAL22892,Yallambie,4161
SAL51664,Yallingup,1195
SAL22894,Yallourn North,1511
SAL51666,Yalyalup,2950
SAL33198,Yamanto,4971
SAL14476,Yamba (NSW),6405
SAL51667,Yanchep,11022
SAL33202,Yandina,3073
SAL51670,Yangebup,7631
SAL33206,Yaroomba,2043
SAL22910,Yarra Glen,3012
SAL22911,Yarra Junction,2875
SAL33207,Yarrabah,2505
SAL33208,Yarrabilba,10240
SAL22913,Yarragon,1893
SAL80136,Yarralumla,3120
SAL22915,Yarram,2136
SAL33210,Yarraman (Qld),1127
SAL22916,Yarrambat,1602
SAL14501,Yarravel,1182
SAL22917,Yarraville,15636
SAL14503,Yarrawarrah,2775
SAL22919,Yarrawonga (Vic.),8661
SAL14511,Yass,6763
SAL33214,Yatala,1405
SAL22924,Yea,1789
SAL33215,Yeerongpilly,2033
SAL14520,Yellow Rock (Blue Mountains - NSW),1119
SAL14522,Yenda (NSW),1564
SAL14524,Yennora,1675
SAL33219,Yeppoon,7037
SAL33220,Yeronga,7062
SAL14528,Yerrinbool,1196
SAL22934,Yinnar,1021
SAL51688,Yokine,12706
SAL14534,Yoogali,1334
SAL51690,York,2393
SAL33223,Yorkeys Knob,2794
SAL14536,Young,10610
SAL60775,Youngtown,4315
SAL14537,Yowie Bay,3053
SAL33230,Yungaburra,1272
SAL14542,Zetland,12622
SAL33232,Zillmere,9323
SAL33233,Zilzie,2846
SAL70303,Zuccoli,4131
