year,granularity,classification_method,district_code,region_key,region_label,postcode,subregion_key,subregion_label,suburb,suburb_key,suburb_label,sales_count_total,sales_count_house,sales_count_apartment,sales_count_vacant_land,sales_count_other,median_sale_price_all_aud,median_sale_price_residential_aud,median_sale_price_house_aud,median_sale_price_apartment_aud,median_sale_price_vacant_land_aud,median_area_sqm_all,median_area_sqm_house,median_area_sqm_apartment,median_days_to_settlement_all,median_days_to_settlement_house,median_days_to_settlement_apartment,most_common_primary_purpose,most_common_nature_code,top_zone_code
1990,region,heuristic_archive_schema,central-coast,central-coast,Central Coast,,central-coast:UNKNOWN,UNKNOWN in Central Coast,,central-coast:UNKNOWN:UNKNOWN,UNKNOWN (UNKNOWN),5142,4810,331,0,1,105000.0,105000,105000.0,120000,,604.0,601.36,713.0,,,,,A,
1990,region,heuristic_archive_schema,central-west-orana,central-west-orana,Central West & Orana,,central-west-orana:UNKNOWN,UNKNOWN in Central West & Orana,,central-west-orana:UNKNOWN:UNKNOWN,UNKNOWN (UNKNOWN),5461,5237,219,0,5,68000,68000.0,65500,80000,,762.0,759.1,1158.0,,,,,A,
1990,region,heuristic_archive_schema,far-west,far-west,Far West,,far-west:UNKNOWN,UNKNOWN in Far West,,far-west:UNKNOWN:UNKNOWN,UNKNOWN (UNKNOWN),354,350,3,0,1,35000.0,35000,35000.0,80000,,1012.0,1012.0,885.2,,,,,Z,
1990,region,heuristic_archive_schema,hunter,hunter,Hunter,,hunter:UNKNOWN,UNKNOWN in Hunter,,hunter:UNKNOWN:UNKNOWN,UNKNOWN (UNKNOWN),13972,13182,786,0,4,80000.0,80000.0,80000.0,87250.0,,670.0,668.15,959.4,,,,,A,
1990,region,heuristic_archive_schema,illawarra,illawarra,Illawarra,,illawarra:UNKNOWN,UNKNOWN in Illawarra,,illawarra:UNKNOWN:UNKNOWN,UNKNOWN (UNKNOWN),7394,6410,983,0,1,105000.0,105000,103000.0,107000,,660.1,658.0,786.65,,,,,A,
1990,region,heuristic_archive_schema,metropolitan-sydney,metropolitan-sydney,Metropolitan Sydney,,metropolitan-sydney:UNKNOWN,UNKNOWN in Metropolitan Sydney,,metropolitan-sydney:UNKNOWN:UNKNOWN,UNKNOWN (UNKNOWN),54494,46484,8001,0,9,142000.0,142000,141000.0,145000,,623.0,626.0,235.0,,,,,A,
1990,region,heuristic_archive_schema,new-england-north-west,new-england-north-west,New England & North West,,new-england-north-west:UNKNOWN,UNKNOWN in New England & North West,,new-england-north-west:UNKNOWN:UNKNOWN,UNKNOWN (UNKNOWN),2303,2263,40,0,0,58000,58000,58000,56000.0,,777.0,772.7,944.4,,,,,R,
1990,region,heuristic_archive_schema,north-coast,north-coast,North Coast,,north-coast:UNKNOWN,UNKNOWN in North Coast,,north-coast:UNKNOWN:UNKNOWN,UNKNOWN (UNKNOWN),5451,4480,971,0,0,75500,75500,65000.0,98000,,673.65,670.0,792.5,,,,,A,
1990,region,heuristic_archive_schema,riverina-murray,riverina-murray,Riverina Murray,,riverina-murray:UNKNOWN,UNKNOWN in Riverina Murray,,riverina-murray:UNKNOWN:UNKNOWN,UNKNOWN (UNKNOWN),4112,3671,437,0,4,72500.0,72500.0,72000,75000,,794.0,796.0,410.0,,,,,A,
1990,region,heuristic_archive_schema,south-east-tablelands,south-east-tablelands,South East & Tablelands,,south-east-tablelands:UNKNOWN,UNKNOWN in South East & Tablelands,,south-east-tablelands:UNKNOWN:UNKNOWN,UNKNOWN (UNKNOWN),3655,3345,308,0,2,77000,77000,75000,95250.0,,782.0,758.8,2530.0,,,,,A,
1991,region,heuristic_archive_schema,central-coast,central-coast,Central Coast,,central-coast:UNKNOWN,UNKNOWN in Central Coast,,central-coast:UNKNOWN:UNKNOWN,UNKNOWN (UNKNOWN),10712,9472,1238,0,2,117000.0,117000.0,115000.0,122500.0,,628.0,619.7,894.95,,,,,A,
1991,region,heuristic_archive_schema,central-west-orana,central-west-orana,Central West & Orana,,central-west-orana:UNKNOWN,UNKNOWN in Central West & Orana,,central-west-orana:UNKNOWN:UNKNOWN,UNKNOWN (UNKNOWN),11641,11231,402,0,8,70000,70000,70000,82000.0,,780.8,773.0,1512.0,,,,,A,
1991,region,heuristic_archive_schema,far-west,far-west,Far West,,far-west:UNKNOWN,UNKNOWN in Far West,,far-west:UNKNOWN:UNKNOWN,UNKNOWN (UNKNOWN),1057,1042,10,0,5,36000,35500.0,35000.0,77000.0,,1012.0,1012.0,3149.5,,,,,A,
1991,region,heuristic_archive_schema,hunter,hunter,Hunter,,hunter:UNKNOWN,UNKNOWN in Hunter,,hunter:UNKNOWN:UNKNOWN,UNKNOWN (UNKNOWN),23132,20852,2276,0,4,88000.0,88000.0,85000.0,106500.0,,676.6,664.3,1022.0,,,,,A,
1991,region,heuristic_archive_schema,illawarra,illawarra,Illawarra,,illawarra:UNKNOWN,UNKNOWN in Illawarra,,illawarra:UNKNOWN:UNKNOWN,UNKNOWN (UNKNOWN),10828,9182,1646,0,0,105000.0,105000.0,105000.0,110000.0,,683.0,670.3,1121.5,,,,,A,
1991,region,heuristic_archive_schema,metropolitan-sydney,metropolitan-sydney,Metropolitan Sydney,,metropolitan-sydney:UNKNOWN,UNKNOWN in Metropolitan Sydney,,metropolitan-sydney:UNKNOWN:UNKNOWN,UNKNOWN (UNKNOWN),110262,83119,27132,0,11,140000.0,140000,138000,145000.0,,653.0,632.0,1149.0,,,,,A,
1991,region,heuristic_archive_schema,new-england-north-west,new-england-north-west,New England & North West,,new-england-north-west:UNKNOWN,UNKNOWN in New England & North West,,new-england-north-west:UNKNOWN:UNKNOWN,UNKNOWN (UNKNOWN),4703,4591,111,0,1,69000,69000.0,68000,77700,,774.0,765.1,1262.0,,,,,A,
1991,region,heuristic_archive_schema,north-coast,north-coast,North Coast,,north-coast:UNKNOWN,UNKNOWN in North Coast,,north-coast:UNKNOWN:UNKNOWN,UNKNOWN (UNKNOWN),14851,11953,2897,0,1,91500,91500.0,85000,102000,,725.0,702.2,916.2,,,,,A,
1991,region,heuristic_archive_schema,riverina-murray,riverina-murray,Riverina Murray,,riverina-murray:UNKNOWN,UNKNOWN in Riverina Murray,,riverina-murray:UNKNOWN:UNKNOWN,UNKNOWN (UNKNOWN),7385,6596,748,0,41,75000,75000.0,74000.0,81500.0,,801.0,796.6,943.1,,,,,A,
1991,region,heuristic_archive_schema,south-east-tablelands,south-east-tablelands,South East & Tablelands,,south-east-tablelands:UNKNOWN,UNKNOWN in South East & Tablelands,,south-east-tablelands:UNKNOWN:UNKNOWN,UNKNOWN (UNKNOWN),9196,7842,1349,0,5,82000.0,82000,80000.0,86500,,783.0,723.0,1961.5,,,,,A,
1992,region,heuristic_archive_schema,central-coast,central-coast,Central Coast,,central-coast:UNKNOWN,UNKNOWN in Central Coast,,central-coast:UNKNOWN:UNKNOWN,UNKNOWN (UNKNOWN),9665,8400,1263,0,2,118000,118000,116000.0,125000,,624.3,610.0,992.7,,,,,A,
1992,region,heuristic_archive_schema,central-west-orana,central-west-orana,Central West & Orana,,central-west-orana:UNKNOWN,UNKNOWN in Central West & Orana,,central-west-orana:UNKNOWN:UNKNOWN,UNKNOWN (UNKNOWN),12193,11675,504,0,14,73000,73000,71500,80000.0,,776.5,770.0,1513.0,,,,,A,
1992,region,heuristic_archive_schema,far-west,far-west,Far West,,far-west:UNKNOWN,UNKNOWN in Far West,,far-west:UNKNOWN:UNKNOWN,UNKNOWN (UNKNOWN),1184,1146,32,0,6,38000.0,37000.0,35750.0,55000.0,,1011.0,994.8,4527.0,,,,,A,
1992,region,heuristic_archive_schema,hunter,hunter,Hunter,,hunter:UNKNOWN,UNKNOWN in Hunter,,hunter:UNKNOWN:UNKNOWN,UNKNOWN (UNKNOWN),22400,20510,1882,0,8,92000.0,92000.0,90000.0,110000.0,,677.0,664.0,1011.0,,,,,A,
1992,region,heuristic_archive_schema,illawarra,illawarra,Illawarra,,illawarra:UNKNOWN,UNKNOWN in Illawarra,,illawarra:UNKNOWN:UNKNOWN,UNKNOWN (UNKNOWN),9493,8299,1194,0,0,103000,103000,100000,112000.0,,683.0,670.0,1322.0,,,,,A,
1992,region,heuristic_archive_schema,metropolitan-sydney,metropolitan-sydney,Metropolitan Sydney,,metropolitan-sydney:UNKNOWN,UNKNOWN in Metropolitan Sydney,,metropolitan-sydney:UNKNOWN:UNKNOWN,UNKNOWN (UNKNOWN),102957,73829,29116,0,12,154000,154000,155000,150000.0,,660.0,621.1,1208.0,,,,,A,
1992,region,heuristic_archive_schema,new-england-north-west,new-england-north-west,New England & North West,,new-england-north-west:UNKNOWN,UNKNOWN in New England & North West,,new-england-north-west:UNKNOWN:UNKNOWN,UNKNOWN (UNKNOWN),5898,5679,218,0,1,72000.0,72000,70000,88875.0,,777.4,767.25,986.4,,,,,A,
1992,region,heuristic_archive_schema,north-coast,north-coast,North Coast,,north-coast:UNKNOWN,UNKNOWN in North Coast,,north-coast:UNKNOWN:UNKNOWN,UNKNOWN (UNKNOWN),13251,10774,2475,0,2,95000,95000,90000.0,106000,,717.0,699.1,945.0,,,,,A,
1992,region,heuristic_archive_schema,riverina-murray,riverina-murray,Riverina Murray,,riverina-murray:UNKNOWN,UNKNOWN in Riverina Murray,,riverina-murray:UNKNOWN:UNKNOWN,UNKNOWN (UNKNOWN),8859,8044,763,0,52,78500,78000,77500.0,83000,,805.1,798.0,993.6,,,,,A,
1992,region,heuristic_archive_schema,south-east-tablelands,south-east-tablelands,South East & Tablelands,,south-east-tablelands:UNKNOWN,UNKNOWN in South East & Tablelands,,south-east-tablelands:UNKNOWN:UNKNOWN,UNKNOWN (UNKNOWN),8540,7415,1124,0,1,84000.0,84000,82000,90000.0,,765.0,720.7,2027.0,,,,,A,
1993,region,heuristic_archive_schema,central-coast,central-coast,Central Coast,,central-coast:UNKNOWN,UNKNOWN in Central Coast,,central-coast:UNKNOWN:UNKNOWN,UNKNOWN (UNKNOWN),9180,7942,1238,0,0,125000.0,125000.0,123500.0,129500.0,,631.5,611.85,944.0,,,,,A,
1993,region,heuristic_archive_schema,central-west-orana,central-west-orana,Central West & Orana,,central-west-orana:UNKNOWN,UNKNOWN in Central West & Orana,,central-west-orana:UNKNOWN:UNKNOWN,UNKNOWN (UNKNOWN),10479,10065,400,0,14,75000,75000,75000,87500.0,,752.55,743.6,1666.0,,,,,A,
1993,region,heuristic_archive_schema,far-west,far-west,Far West,,far-west:UNKNOWN,UNKNOWN in Far West,,far-west:UNKNOWN:UNKNOWN,UNKNOWN (UNKNOWN),1203,1182,18,0,3,37500,37000.0,36000.0,54500.0,,991.8,986.5,4527.0,,,,,A,
1993,region,heuristic_archive_schema,hunter,hunter,Hunter,,hunter:UNKNOWN,UNKNOWN in Hunter,,hunter:UNKNOWN:UNKNOWN,UNKNOWN (UNKNOWN),15247,13957,1286,0,4,99500,99500,96500,117000.0,,693.0,677.4,1012.0,,,,,A,
1993,region,heuristic_archive_schema,illawarra,illawarra,Illawarra,,illawarra:UNKNOWN,UNKNOWN in Illawarra,,illawarra:UNKNOWN:UNKNOWN,UNKNOWN (UNKNOWN),4528,4017,511,0,0,105000.0,105000.0,103000,114000,,676.6,666.0,1039.0,,,,,A,
1993,region,heuristic_archive_schema,metropolitan-sydney,metropolitan-sydney,Metropolitan Sydney,,metropolitan-sydney:UNKNOWN,UNKNOWN in Metropolitan Sydney,,metropolitan-sydney:UNKNOWN:UNKNOWN,UNKNOWN (UNKNOWN),75564,52333,23221,0,10,167000.0,167000.0,172000,158000,,695.6,627.0,1328.0,,,,,A,
1993,region,heuristic_archive_schema,new-england-north-west,new-england-north-west,New England & North West,,new-england-north-west:UNKNOWN,UNKNOWN in New England & North West,,new-england-north-west:UNKNOWN:UNKNOWN,UNKNOWN (UNKNOWN),4969,4812,155,0,2,80000,80000,79000.0,89500,,739.0,733.5,1012.0,,,,,A,
1993,region,heuristic_archive_schema,north-coast,north-coast,North Coast,,north-coast:UNKNOWN,UNKNOWN in North Coast,,north-coast:UNKNOWN:UNKNOWN,UNKNOWN (UNKNOWN),10138,8552,1584,0,2,100000.0,100000.0,97000.0,105000.0,,720.2,700.0,976.0,,,,,A,
1993,region,heuristic_archive_schema,riverina-murray,riverina-murray,Riverina Murray,,riverina-murray:UNKNOWN,UNKNOWN in Riverina Murray,,riverina-murray:UNKNOWN:UNKNOWN,UNKNOWN (UNKNOWN),7779,7028,696,0,55,83000,83000.0,82000.0,90000.0,,800.8,785.0,977.0,,,,,A,
1993,region,heuristic_archive_schema,south-east-tablelands,south-east-tablelands,South East & Tablelands,,south-east-tablelands:UNKNOWN,UNKNOWN in South East & Tablelands,,south-east-tablelands:UNKNOWN:UNKNOWN,UNKNOWN (UNKNOWN),6224,5383,837,0,4,87000.0,87000.0,85000,93000,,735.85,689.2,1734.0,,,,,A,
1994,region,heuristic_archive_schema,central-coast,central-coast,Central Coast,,central-coast:UNKNOWN,UNKNOWN in Central Coast,,central-coast:UNKNOWN:UNKNOWN,UNKNOWN (UNKNOWN),10086,8818,1267,0,1,129000.0,129000,127700.0,135000,,619.7,606.0,935.8,,,,,A,
1994,region,heuristic_archive_schema,central-west-orana,central-west-orana,Central West & Orana,,central-west-orana:UNKNOWN,UNKNOWN in Central West & Orana,,central-west-orana:UNKNOWN:UNKNOWN,UNKNOWN (UNKNOWN),10130,9776,342,0,12,80000.0,80000.0,79500.0,97500.0,,747.6,737.1,1905.0,,,,,A,
1994,region,heuristic_archive_schema,far-west,far-west,Far West,,far-west:UNKNOWN,UNKNOWN in Far West,,far-west:UNKNOWN:UNKNOWN,UNKNOWN (UNKNOWN),1129,1109,15,0,5,39000,39000.0,38000,63000,,986.2,977.55,1342.0,,,,,A,
1994,region,heuristic_archive_schema,hunter,hunter,Hunter,,hunter:UNKNOWN,UNKNOWN in Hunter,,hunter:UNKNOWN:UNKNOWN,UNKNOWN (UNKNOWN),13780,12644,1135,0,1,107000.0,107000,105000.0,120300,,682.9,669.9,1075.0,,,,,A,
1994,region,heuristic_archive_schema,illawarra,illawarra,Illawarra,,illawarra:UNKNOWN,UNKNOWN in Illawarra,,illawarra:UNKNOWN:UNKNOWN,UNKNOWN (UNKNOWN),4365,3839,526,0,0,118000,118000,115000,122000.0,,659.9,648.0,1208.0,,,,,A,
1994,region,heuristic_archive_schema,metropolitan-sydney,metropolitan-sydney,Metropolitan Sydney,,metropolitan-sydney:UNKNOWN,UNKNOWN in Metropolitan Sydney,,metropolitan-sydney:UNKNOWN:UNKNOWN,UNKNOWN (UNKNOWN),76572,54301,22265,0,6,183000.0,183000.0,189000,171500,,696.9,629.0,1428.0,,,,,A,
1994,region,heuristic_archive_schema,new-england-north-west,new-england-north-west,New England & North West,,new-england-north-west:UNKNOWN,UNKNOWN in New England & North West,,new-england-north-west:UNKNOWN:UNKNOWN,UNKNOWN (UNKNOWN),4578,4465,113,0,0,86000.0,86000.0,85000,105000,,728.5,719.6,1012.0,,,,,A,
1994,region,heuristic_archive_schema,north-coast,north-coast,North Coast,,north-coast:UNKNOWN,UNKNOWN in North Coast,,north-coast:UNKNOWN:UNKNOWN,UNKNOWN (UNKNOWN),10101,8539,1559,0,3,110000,110000.0,107000,118000,,722.65,700.0,1048.5,,,,,A,
1994,region,heuristic_archive_schema,riverina-murray,riverina-murray,Riverina Murray,,riverina-murray:UNKNOWN,UNKNOWN in Riverina Murray,,riverina-murray:UNKNOWN:UNKNOWN,UNKNOWN (UNKNOWN),7288,6695,563,0,30,88500.0,88500.0,88000,90000,,809.4,787.2,1046.3,,,,,A,
1994,region,heuristic_archive_schema,south-east-tablelands,south-east-tablelands,South East & Tablelands,,south-east-tablelands:UNKNOWN,UNKNOWN in South East & Tablelands,,south-east-tablelands:UNKNOWN:UNKNOWN,UNKNOWN (UNKNOWN),5613,5040,571,0,2,95000,95000,94000.0,98000,,714.5,677.7,1809.0,,,,,A,
1995,region,heuristic_archive_schema,central-coast,central-coast,Central Coast,,central-coast:UNKNOWN,UNKNOWN in Central Coast,,central-coast:UNKNOWN:UNKNOWN,UNKNOWN (UNKNOWN),8026,7065,961,0,0,132000.0,132000.0,130000,140000,,618.0,603.9,973.8,,,,,A,
1995,region,heuristic_archive_schema,central-west-orana,central-west-orana,Central West & Orana,,central-west-orana:UNKNOWN,UNKNOWN in Central West & Orana,,central-west-orana:UNKNOWN:UNKNOWN,UNKNOWN (UNKNOWN),8495,8251,237,0,7,85000,85000.0,85000,96000,,739.8,731.05,1637.0,,,,,A,
1995,region,heuristic_archive_schema,far-west,far-west,Far West,,far-west:UNKNOWN,UNKNOWN in Far West,,far-west:UNKNOWN:UNKNOWN,UNKNOWN (UNKNOWN),1128,1108,8,0,12,35000.0,35000.0,35000.0,62475.0,,916.8,919.75,2455.0,,,,,A,
1995,region,heuristic_archive_schema,hunter,hunter,Hunter,,hunter:UNKNOWN,UNKNOWN in Hunter,,hunter:UNKNOWN:UNKNOWN,UNKNOWN (UNKNOWN),15930,14500,1425,0,5,110000.0,110000,109950.0,125000,,670.3,655.45,1067.0,,,,,A,
1995,region,heuristic_archive_schema,illawarra,illawarra,Illawarra,,illawarra:UNKNOWN,UNKNOWN in Illawarra,,illawarra:UNKNOWN:UNKNOWN,UNKNOWN (UNKNOWN),8493,7359,1134,0,0,125000,125000,125000,124500.0,,675.4,655.0,1285.7,,,,,A,
1995,region,heuristic_archive_schema,metropolitan-sydney,metropolitan-sydney,Metropolitan Sydney,,metropolitan-sydney:UNKNOWN,UNKNOWN in Metropolitan Sydney,,metropolitan-sydney:UNKNOWN:UNKNOWN,UNKNOWN (UNKNOWN),82131,58637,23485,0,9,188000,188000.0,197000,175000,,690.1,613.4,1478.0,,,,,A,
1995,region,heuristic_archive_schema,new-england-north-west,new-england-north-west,New England & North West,,new-england-north-west:UNKNOWN,UNKNOWN in New England & North West,,new-england-north-west:UNKNOWN:UNKNOWN,UNKNOWN (UNKNOWN),3722,3623,98,0,1,85000.0,85000,85000,103750.0,,727.2,711.85,1012.0,,,,,A,
1995,region,heuristic_archive_schema,north-coast,north-coast,North Coast,,north-coast:UNKNOWN,UNKNOWN in North Coast,,north-coast:UNKNOWN:UNKNOWN,UNKNOWN (UNKNOWN),11805,9783,2021,0,1,117500,117500.0,117000,119900,,700.1,670.3,949.2,,,,,A,
1995,region,heuristic_archive_schema,riverina-murray,riverina-murray,Riverina Murray,,riverina-murray:UNKNOWN,UNKNOWN in Riverina Murray,,riverina-murray:UNKNOWN:UNKNOWN,UNKNOWN (UNKNOWN),6473,5987,445,0,41,87500,87000.0,86000,93000,,771.4,756.0,1012.0,,,,,A,
1995,region,heuristic_archive_schema,south-east-tablelands,south-east-tablelands,South East & Tablelands,,south-east-tablelands:UNKNOWN,UNKNOWN in South East & Tablelands,,south-east-tablelands:UNKNOWN:UNKNOWN,UNKNOWN (UNKNOWN),5896,5309,584,0,3,100000.0,100000,100000,99000.0,,732.8,695.5,2062.0,,,,,A,
1996,region,heuristic_archive_schema,central-coast,central-coast,Central Coast,,central-coast:UNKNOWN,UNKNOWN in Central Coast,,central-coast:UNKNOWN:UNKNOWN,UNKNOWN (UNKNOWN),8522,7564,958,0,0,138000.0,138000.0,138000.0,139950.0,,615.95,604.0,961.2,,,,,A,
1996,region,heuristic_archive_schema,central-west-orana,central-west-orana,Central West & Orana,,central-west-orana:UNKNOWN,UNKNOWN in Central West & Orana,,central-west-orana:UNKNOWN:UNKNOWN,UNKNOWN (UNKNOWN),8210,7988,212,0,10,85000.0,85000.0,85000.0,98000.0,,728.13,720.8,1802.0,,,,,A,
1996,region,heuristic_archive_schema,far-west,far-west,Far West,,far-west:UNKNOWN,UNKNOWN in Far West,,far-west:UNKNOWN:UNKNOWN,UNKNOWN (UNKNOWN),1068,1055,6,0,7,46000.0,46000,45000,87500.0,,930.75,932.4,844.95,,,,,A,
1996,region,heuristic_archive_schema,hunter,hunter,Hunter,,hunter:UNKNOWN,UNKNOWN in Hunter,,hunter:UNKNOWN:UNKNOWN,UNKNOWN (UNKNOWN),16631,14993,1635,0,3,112500,112500.0,110000,125700,,670.3,654.7,1074.0,,,,,A,
1996,region,heuristic_archive_schema,illawarra,illawarra,Illawarra,,illawarra:UNKNOWN,UNKNOWN in Illawarra,,illawarra:UNKNOWN:UNKNOWN,UNKNOWN (UNKNOWN),8175,7060,1115,0,0,129000,129000,128500.0,131500,,675.6,651.3,1374.0,,,,,A,
1996,region,heuristic_archive_schema,metropolitan-sydney,metropolitan-sydney,Metropolitan Sydney,,metropolitan-sydney:UNKNOWN,UNKNOWN in Metropolitan Sydney,,metropolitan-sydney:UNKNOWN:UNKNOWN,UNKNOWN (UNKNOWN),93979,63207,30765,0,7,200000,200000.0,210000,189000,,695.6,607.0,1424.0,,,,,A,
1996,region,heuristic_archive_schema,new-england-north-west,new-england-north-west,New England & North West,,new-england-north-west:UNKNOWN,UNKNOWN in New England & North West,,new-england-north-west:UNKNOWN:UNKNOWN,UNKNOWN (UNKNOWN),3554,3498,56,0,0,83000.0,83000.0,82500.0,100000.0,,733.5,732.2,1116.0,,,,,A,
1996,region,heuristic_archive_schema,north-coast,north-coast,North Coast,,north-coast:UNKNOWN,UNKNOWN in North Coast,,north-coast:UNKNOWN:UNKNOWN,UNKNOWN (UNKNOWN),11664,9689,1974,0,1,118000.0,118000,116500,120000.0,,701.0,670.7,989.5,,,,,A,
1996,region,heuristic_archive_schema,riverina-murray,riverina-murray,Riverina Murray,,riverina-murray:UNKNOWN,UNKNOWN in Riverina Murray,,riverina-murray:UNKNOWN:UNKNOWN,UNKNOWN (UNKNOWN),6533,6025,475,0,33,91000,90500.0,90500,90000,,771.5,756.9,937.65,,,,,A,
1996,region,heuristic_archive_schema,south-east-tablelands,south-east-tablelands,South East & Tablelands,,south-east-tablelands:UNKNOWN,UNKNOWN in South East & Tablelands,,south-east-tablelands:UNKNOWN:UNKNOWN,UNKNOWN (UNKNOWN),5712,5194,510,0,8,101750.0,101000.0,103750.0,92250.0,,704.55,675.75,1634.0,,,,,A,
1997,region,heuristic_archive_schema,central-coast,central-coast,Central Coast,,central-coast:UNKNOWN,UNKNOWN in Central Coast,,central-coast:UNKNOWN:UNKNOWN,UNKNOWN (UNKNOWN),11129,9617,1512,0,0,145650,145650,145000,146000.0,,626.0,607.0,1264.0,,,,,A,
1997,region,heuristic_archive_schema,central-west-orana,central-west-orana,Central West & Orana,,central-west-orana:UNKNOWN,UNKNOWN in Central West & Orana,,central-west-orana:UNKNOWN:UNKNOWN,UNKNOWN (UNKNOWN),8667,8399,252,0,16,90000,90000,89000,98750.0,,736.35,727.2,2008.0,,,,,A,
1997,region,heuristic_archive_schema,far-west,far-west,Far West,,far-west:UNKNOWN,UNKNOWN in Far West,,far-west:UNKNOWN:UNKNOWN,UNKNOWN (UNKNOWN),1121,1110,4,0,7,52000,51750.0,52000.0,34250.0,,904.0,904.4,3844.0,,,,,A,
1997,region,heuristic_archive_schema,hunter,hunter,Hunter,,hunter:UNKNOWN,UNKNOWN in Hunter,,hunter:UNKNOWN:UNKNOWN,UNKNOWN (UNKNOWN),18912,16836,2075,0,1,116000.0,116000,114000.0,130000,,670.45,652.8,1119.0,,,,,A,
1997,region,heuristic_archive_schema,illawarra,illawarra,Illawarra,,illawarra:UNKNOWN,UNKNOWN in Illawarra,,illawarra:UNKNOWN:UNKNOWN,UNKNOWN (UNKNOWN),9455,8086,1369,0,0,135000,135000,134945.0,137000,,670.3,650.1,1368.0,,,,,A,
1997,region,heuristic_archive_schema,metropolitan-sydney,metropolitan-sydney,Metropolitan Sydney,,metropolitan-sydney:UNKNOWN,UNKNOWN in Metropolitan Sydney,,metropolitan-sydney:UNKNOWN:UNKNOWN,UNKNOWN (UNKNOWN),115091,72632,42451,0,8,225000,225000,230000.0,218000,,695.6,602.1,1472.0,,,,,A,
1997,region,heuristic_archive_schema,new-england-north-west,new-england-north-west,New England & North West,,new-england-north-west:UNKNOWN,UNKNOWN in New England & North West,,new-england-north-west:UNKNOWN:UNKNOWN,UNKNOWN (UNKNOWN),4070,3996,72,0,2,90000.0,90000.0,89500.0,98000.0,,722.05,714.5,1012.0,,,,,A,
1997,region,heuristic_archive_schema,north-coast,north-coast,North Coast,,north-coast:UNKNOWN,UNKNOWN in North Coast,,north-coast:UNKNOWN:UNKNOWN,UNKNOWN (UNKNOWN),13360,10911,2447,0,2,124000.0,124000.0,123000,125000,,700.2,670.3,968.85,,,,,A,
1997,region,heuristic_archive_schema,riverina-murray,riverina-murray,Riverina Murray,,riverina-murray:UNKNOWN,UNKNOWN in Riverina Murray,,riverina-murray:UNKNOWN:UNKNOWN,UNKNOWN (UNKNOWN),6985,6422,520,0,43,97000,96000.0,96000.0,97500.0,,772.85,757.65,1012.0,,,,,A,
1997,region,heuristic_archive_schema,south-east-tablelands,south-east-tablelands,South East & Tablelands,,south-east-tablelands:UNKNOWN,UNKNOWN in South East & Tablelands,,south-east-tablelands:UNKNOWN:UNKNOWN,UNKNOWN (UNKNOWN),6537,5897,634,0,6,110000,110000,112000,91000.0,,746.1,701.9,1989.0,,,,,A,
1998,region,heuristic_archive_schema,central-coast,central-coast,Central Coast,,central-coast:UNKNOWN,UNKNOWN in Central Coast,,central-coast:UNKNOWN:UNKNOWN,UNKNOWN (UNKNOWN),11397,9820,1577,0,0,156000,156000,157000.0,153990,,626.0,607.0,1042.0,,,,,A,
1998,region,heuristic_archive_schema,central-west-orana,central-west-orana,Central West & Orana,,central-west-orana:UNKNOWN,UNKNOWN in Central West & Orana,,central-west-orana:UNKNOWN:UNKNOWN,UNKNOWN (UNKNOWN),8783,8498,272,0,13,94000,94000.0,93500.0,97000.0,,736.3,727.2,1845.0,,,,,A,
1998,region,heuristic_archive_schema,far-west,far-west,Far West,,far-west:UNKNOWN,UNKNOWN in Far West,,far-west:UNKNOWN:UNKNOWN,UNKNOWN (UNKNOWN),1095,1078,11,0,6,43000,43000,43000.0,82000,,890.0,891.3,1012.0,,,,,A,
1998,region,heuristic_archive_schema,hunter,hunter,Hunter,,hunter:UNKNOWN,UNKNOWN in Hunter,,hunter:UNKNOWN:UNKNOWN,UNKNOWN (UNKNOWN),19467,17350,2114,0,3,122000,122000.0,120000.0,135500.0,,670.3,651.3,1081.0,,,,,A,
1998,region,heuristic_archive_schema,illawarra,illawarra,Illawarra,,illawarra:UNKNOWN,UNKNOWN in Illawarra,,illawarra:UNKNOWN:UNKNOWN,UNKNOWN (UNKNOWN),9862,8417,1444,0,1,138000.0,138000,137500,140000.0,,676.6,655.5,1273.0,,,,,A,
1998,region,heuristic_archive_schema,metropolitan-sydney,metropolitan-sydney,Metropolitan Sydney,,metropolitan-sydney:UNKNOWN,UNKNOWN in Metropolitan Sydney,,metropolitan-sydney:UNKNOWN:UNKNOWN,UNKNOWN (UNKNOWN),106055,67730,38318,0,7,245000,245000.0,252500.0,235000.0,,695.6,603.9,1490.0,,,,,A,
1998,region,heuristic_archive_schema,new-england-north-west,new-england-north-west,New England & North West,,new-england-north-west:UNKNOWN,UNKNOWN in New England & North West,,new-england-north-west:UNKNOWN:UNKNOWN,UNKNOWN (UNKNOWN),3998,3914,84,0,0,90000.0,90000.0,90000.0,95000.0,,704.55,700.0,1012.0,,,,,A,
1998,region,heuristic_archive_schema,north-coast,north-coast,North Coast,,north-coast:UNKNOWN,UNKNOWN in North Coast,,north-coast:UNKNOWN:UNKNOWN,UNKNOWN (UNKNOWN),13907,11481,2423,0,3,126000,125750.0,125000,127500,,705.3,676.0,1012.0,,,,,A,
1998,region,heuristic_archive_schema,riverina-murray,riverina-murray,Riverina Murray,,riverina-murray:UNKNOWN,UNKNOWN in Riverina Murray,,riverina-murray:UNKNOWN:UNKNOWN,UNKNOWN (UNKNOWN),7047,6524,487,0,36,98000,98000,98000.0,99000,,784.1,768.2,1012.0,,,,,A,
1998,region,heuristic_archive_schema,south-east-tablelands,south-east-tablelands,South East & Tablelands,,south-east-tablelands:UNKNOWN,UNKNOWN in South East & Tablelands,,south-east-tablelands:UNKNOWN:UNKNOWN,UNKNOWN (UNKNOWN),6832,6159,659,0,14,114000.0,114000.0,118000,90000,,739.8,701.9,1695.0,,,,,A,
1999,region,heuristic_archive_schema,central-coast,central-coast,Central Coast,,central-coast:UNKNOWN,UNKNOWN in Central Coast,,central-coast:UNKNOWN:UNKNOWN,UNKNOWN (UNKNOWN),12338,10564,1774,0,0,175000.0,175000.0,175000.0,172000.0,,630.0,607.0,1105.0,,,,,A,
1999,region,heuristic_archive_schema,central-west-orana,central-west-orana,Central West & Orana,,central-west-orana:UNKNOWN,UNKNOWN in Central West & Orana,,central-west-orana:UNKNOWN:UNKNOWN,UNKNOWN (UNKNOWN),9734,9426,296,0,12,95000.0,95000.0,95000.0,100000.0,,732.3,720.8,2057.5,,,,,A,
1999,region,heuristic_archive_schema,far-west,far-west,Far West,,far-west:UNKNOWN,UNKNOWN in Far West,,far-west:UNKNOWN:UNKNOWN,UNKNOWN (UNKNOWN),950,941,7,0,2,50000.0,50000.0,50000,82000,,884.0,881.75,1304.9,,,,,A,
1999,region,heuristic_archive_schema,hunter,hunter,Hunter,,hunter:UNKNOWN,UNKNOWN in Hunter,,hunter:UNKNOWN:UNKNOWN,UNKNOWN (UNKNOWN),21835,19350,2484,0,1,129760,129755.0,127000.0,138000.0,,674.85,654.0,1049.0,,,,,A,
1999,region,heuristic_archive_schema,illawarra,illawarra,Illawarra,,illawarra:UNKNOWN,UNKNOWN in Illawarra,,illawarra:UNKNOWN:UNKNOWN,UNKNOWN (UNKNOWN),11128,9330,1797,0,1,147500.0,147500,148000.0,145000,,682.9,657.6,1387.0,,,,,A,
1999,region,heuristic_archive_schema,metropolitan-sydney,metropolitan-sydney,Metropolitan Sydney,,metropolitan-sydney:UNKNOWN,UNKNOWN in Metropolitan Sydney,,metropolitan-sydney:UNKNOWN:UNKNOWN,UNKNOWN (UNKNOWN),119376,74507,44864,0,5,266000.0,266000,278000,255000.0,,696.7,599.9,1620.0,,,,,A,
1999,region,heuristic_archive_schema,new-england-north-west,new-england-north-west,New England & North West,,new-england-north-west:UNKNOWN,UNKNOWN in New England & North West,,new-england-north-west:UNKNOWN:UNKNOWN,UNKNOWN (UNKNOWN),4450,4358,91,0,1,90000.0,90000,90000.0,95000,,720.8,709.9,1270.0,,,,,A,
1999,region,heuristic_archive_schema,north-coast,north-coast,North Coast,,north-coast:UNKNOWN,UNKNOWN in North Coast,,north-coast:UNKNOWN:UNKNOWN,UNKNOWN (UNKNOWN),14915,12190,2725,0,0,133000,133000,134000.0,130000,,702.25,676.25,1005.5,,,,,A,
1999,region,heuristic_archive_schema,riverina-murray,riverina-murray,Riverina Murray,,riverina-murray:UNKNOWN,UNKNOWN in Riverina Murray,,riverina-murray:UNKNOWN:UNKNOWN,UNKNOWN (UNKNOWN),7605,7012,571,0,22,100000,99500,99500.0,100000,,800.35,784.5,1012.0,,,,,A,
1999,region,heuristic_archive_schema,south-east-tablelands,south-east-tablelands,South East & Tablelands,,south-east-tablelands:UNKNOWN,UNKNOWN in South East & Tablelands,,south-east-tablelands:UNKNOWN:UNKNOWN,UNKNOWN (UNKNOWN),8655,7771,869,0,15,116000,116000.0,120000,99000,,751.6,714.5,1973.0,,,,,A,
2000,region,heuristic_archive_schema,central-coast,central-coast,Central Coast,,central-coast:UNKNOWN,UNKNOWN in Central Coast,,central-coast:UNKNOWN:UNKNOWN,UNKNOWN (UNKNOWN),10076,8570,1506,0,0,197000.0,197000.0,200000.0,185000.0,,621.3,604.0,1214.0,,,,,A,
2000,region,heuristic_archive_schema,central-west-orana,central-west-orana,Central West & Orana,,central-west-orana:UNKNOWN,UNKNOWN in Central West & Orana,,central-west-orana:UNKNOWN:UNKNOWN,UNKNOWN (UNKNOWN),8764,8486,270,0,8,102000.0,102000.0,102275.0,99200.0,,714.5,704.0,2002.0,,,,,A,
2000,region,heuristic_archive_schema,far-west,far-west,Far West,,far-west:UNKNOWN,UNKNOWN in Far West,,far-west:UNKNOWN:UNKNOWN,UNKNOWN (UNKNOWN),944,933,10,0,1,49750.0,49500,49000,68250.0,,941.4,936.0,1739.0,,,,,A,
2000,region,heuristic_archive_schema,hunter,hunter,Hunter,,hunter:UNKNOWN,UNKNOWN in Hunter,,hunter:UNKNOWN:UNKNOWN,UNKNOWN (UNKNOWN),20051,17545,2506,0,0,136000,136000,135000,143500.0,,672.9,648.6,1202.0,,,,,A,
2000,region,heuristic_archive_schema,illawarra,illawarra,Illawarra,,illawarra:UNKNOWN,UNKNOWN in Illawarra,,illawarra:UNKNOWN:UNKNOWN,UNKNOWN (UNKNOWN),10687,8813,1873,0,1,157000,157000.0,159000,150000,,682.9,657.6,1235.2,,,,,A,
2000,region,heuristic_archive_schema,metropolitan-sydney,metropolitan-sydney,Metropolitan Sydney,,metropolitan-sydney:UNKNOWN,UNKNOWN in Metropolitan Sydney,,metropolitan-sydney:UNKNOWN:UNKNOWN,UNKNOWN (UNKNOWN),93106,56601,36498,0,7,285000.0,285000,305000,265000.0,,699.9,599.9,1587.0,,,,,A,
2000,region,heuristic_archive_schema,new-england-north-west,new-england-north-west,New England & North West,,new-england-north-west:UNKNOWN,UNKNOWN in New England & North West,,new-england-north-west:UNKNOWN:UNKNOWN,UNKNOWN (UNKNOWN),4359,4217,141,0,1,90000,90000.0,90000,95000,,733.5,727.75,1012.0,,,,,A,
2000,region,heuristic_archive_schema,north-coast,north-coast,North Coast,,north-coast:UNKNOWN,UNKNOWN in North Coast,,north-coast:UNKNOWN:UNKNOWN,UNKNOWN (UNKNOWN),13942,11085,2857,0,0,140000.0,140000.0,143000,132000,,712.5,676.0,1013.0,,,,,A,
2000,region,heuristic_archive_schema,riverina-murray,riverina-murray,Riverina Murray,,riverina-murray:UNKNOWN,UNKNOWN in Riverina Murray,,riverina-murray:UNKNOWN:UNKNOWN,UNKNOWN (UNKNOWN),6873,6305,558,0,10,105000,105000,105000,95000.0,,796.8,779.0,1012.0,,,,,A,
2000,region,heuristic_archive_schema,south-east-tablelands,south-east-tablelands,South East & Tablelands,,south-east-tablelands:UNKNOWN,UNKNOWN in South East & Tablelands,,south-east-tablelands:UNKNOWN:UNKNOWN,UNKNOWN (UNKNOWN),8211,7213,987,0,11,123000,122800.0,128000,102500,,758.8,709.6,1974.0,,,,,A,
2001,region,mixed_schema,central-coast,central-coast,Central Coast,,central-coast:UNKNOWN,UNKNOWN in Central Coast,,central-coast:UNKNOWN:UNKNOWN,UNKNOWN (UNKNOWN),10956,5300,988,1131,3537,210000.0,225687.5,230000.0,213250.0,128000,607.0,604.0,973.8,42.0,42.0,42.0,RESIDENCE,R,A
2001,region,mixed_schema,central-west-orana,central-west-orana,Central West & Orana,,central-west-orana:UNKNOWN,UNKNOWN in Central West & Orana,,central-west-orana:UNKNOWN:UNKNOWN,UNKNOWN (UNKNOWN),8452,3984,207,1412,2849,97500.0,110000,111000.0,92500,52500.0,758.8,777.8,2022.0,35.0,35,38.0,RESIDENCE,R,A
2001,region,mixed_schema,far-west,far-west,Far West,,far-west:UNKNOWN,UNKNOWN in Far West,,far-west:UNKNOWN:UNKNOWN,UNKNOWN (UNKNOWN),980,513,15,116,336,47000.0,45000.0,45000,55000,37250.0,980.1,942.1,2459.5,31,32.0,42,RESIDENCE,R,A
2001,region,mixed_schema,hunter,hunter,Hunter,,hunter:UNKNOWN,UNKNOWN in Hunter,,hunter:UNKNOWN:UNKNOWN,UNKNOWN (UNKNOWN),22340,10509,1693,3378,6760,140000.0,154000.0,154000,156000,78950.0,657.6,645.0,835.1,35,36.0,38,RESIDENCE,R,A
2001,region,mixed_schema,illawarra,illawarra,Illawarra,,illawarra:UNKNOWN,UNKNOWN in Illawarra,,illawarra:UNKNOWN:UNKNOWN,UNKNOWN (UNKNOWN),11694,5037,1314,1945,3398,160000.0,186000,190000,167000.0,91000,648.1,647.1,822.2,39,41,42,RESIDENCE,R,A
2001,region,mixed_schema,metropolitan-sydney,metropolitan-sydney,Metropolitan Sydney,,metropolitan-sydney:UNKNOWN,UNKNOWN in Metropolitan Sydney,,metropolitan-sydney:UNKNOWN:UNKNOWN,UNKNOWN (UNKNOWN),114912,38508,28914,8148,39342,295000.0,320000.0,342000.0,298000.0,184000.0,597.15,588.1,1429.0,42,43.0,43.0,RESIDENCE,R,A
2001,region,mixed_schema,new-england-north-west,new-england-north-west,New England & North West,,new-england-north-west:UNKNOWN,UNKNOWN in New England & North West,,new-england-north-west:UNKNOWN:UNKNOWN,UNKNOWN (UNKNOWN),4282,1975,71,592,1644,85937.0,90000.0,90000,87000,42000.0,790.4,834.7,1104.0,30,31,28.0,RESIDENCE,R,A
2001,region,mixed_schema,north-coast,north-coast,North Coast,,north-coast:UNKNOWN,UNKNOWN in North Coast,,north-coast:UNKNOWN:UNKNOWN,UNKNOWN (UNKNOWN),15798,6422,1975,2844,4557,143000.0,158000,165000.0,140000,84000.0,699.55,695.6,939.8,30,31.0,30.0,RESIDENCE,R,A
2001,region,mixed_schema,riverina-murray,riverina-murray,Riverina Murray,,riverina-murray:UNKNOWN,UNKNOWN in Riverina Murray,,riverina-murray:UNKNOWN:UNKNOWN,UNKNOWN (UNKNOWN),7698,3254,404,1153,2887,104000.0,115000.0,115000.0,100750.0,51000,796.9,815.7,1012.0,30.0,31.0,35,RESIDENCE,R,A
2001,region,mixed_schema,south-east-tablelands,south-east-tablelands,South East & Tablelands,,south-east-tablelands:UNKNOWN,UNKNOWN in South East & Tablelands,,south-east-tablelands:UNKNOWN:UNKNOWN,UNKNOWN (UNKNOWN),8936,3572,721,2024,2619,125000.0,150000,163000.0,101500,78000.0,746.1,752.5,1695.0,35,35.0,33.0,RESIDENCE,R,A
2002,region,high_confidence_current_schema,central-coast,central-coast,Central Coast,,central-coast:UNKNOWN,UNKNOWN in Central Coast,,central-coast:UNKNOWN:UNKNOWN,UNKNOWN (UNKNOWN),13376,9144,1741,1439,1052,253000.0,260000,265000.0,240000,139000,601.35,605.7,193.0,42,42,42,RESIDENCE,R,A
2002,region,high_confidence_current_schema,central-west-orana,central-west-orana,Central West & Orana,,central-west-orana:UNKNOWN,UNKNOWN in Central West & Orana,,central-west-orana:UNKNOWN:UNKNOWN,UNKNOWN (UNKNOWN),13587,8005,397,2755,2430,114500,123000.0,125000,97000,57000,732.3,787.75,193.0,38,36,41,RESIDENCE,R,A
2002,region,high_confidence_current_schema,far-west,far-west,Far West,,far-west:UNKNOWN,UNKNOWN in Far West,,far-west:UNKNOWN:UNKNOWN,UNKNOWN (UNKNOWN),1464,960,21,197,286,54000.0,49000,47500.0,95000,35500,941.0,901.8,,37.0,35.0,35,RESIDENCE,R,A
2002,region,high_confidence_current_schema,hunter,hunter,Hunter,,hunter:UNKNOWN,UNKNOWN in Hunter,,hunter:UNKNOWN:UNKNOWN,UNKNOWN (UNKNOWN),29670,17764,2955,6180,2771,167500.0,185000,185000.0,180000,85000.0,663.9,651.2,181.5,38,36.0,39,RESIDENCE,R,A
2002,region,high_confidence_current_schema,illawarra,illawarra,Illawarra,,illawarra:UNKNOWN,UNKNOWN in Illawarra,,illawarra:UNKNOWN:UNKNOWN,UNKNOWN (UNKNOWN),14971,8501,2108,3032,1330,205000,230000,239900,199950.0,107500.0,652.8,651.3,194.0,42,42,42.0,RESIDENCE,R,A
2002,region,high_confidence_current_schema,metropolitan-sydney,metropolitan-sydney,Metropolitan Sydney,,metropolitan-sydney:UNKNOWN,UNKNOWN in Metropolitan Sydney,,metropolitan-sydney:UNKNOWN:UNKNOWN,UNKNOWN (UNKNOWN),134919,65474,46509,8359,14577,355000,362500,397000.0,330000,225000,594.4,600.3,146.0,44,44,43.0,RESIDENCE,R,A
2002,region,high_confidence_current_schema,new-england-north-west,new-england-north-west,New England & North West,,new-england-north-west:UNKNOWN,UNKNOWN in New England & North West,,new-england-north-west:UNKNOWN:UNKNOWN,UNKNOWN (UNKNOWN),6129,3457,131,1019,1522,104000,100000.0,102000,90000,38000,742.5,810.0,219.5,34,32,35,RESIDENCE,R,A
2002,region,high_confidence_current_schema,north-coast,north-coast,North Coast,,north-coast:UNKNOWN,UNKNOWN in North Coast,,north-coast:UNKNOWN:UNKNOWN,UNKNOWN (UNKNOWN),23823,12080,3818,4768,3157,161100,180000.0,190000.0,155000.0,87500.0,690.0,689.2,163.0,34.0,32,33.0,RESIDENCE,R,A
2002,region,high_confidence_current_schema,riverina-murray,riverina-murray,Riverina Murray,,riverina-murray:UNKNOWN,UNKNOWN in Riverina Murray,,riverina-murray:UNKNOWN:UNKNOWN,UNKNOWN (UNKNOWN),10642,5802,785,1976,2079,114000.0,123000,127000.0,98000,48000.0,775.3,815.1,263.0,32.0,31.0,31,RESIDENCE,R,A
2002,region,high_confidence_current_schema,south-east-tablelands,south-east-tablelands,South East & Tablelands,,south-east-tablelands:UNKNOWN,UNKNOWN in South East & Tablelands,,south-east-tablelands:UNKNOWN:UNKNOWN,UNKNOWN (UNKNOWN),13100,6432,1416,3699,1553,150000.0,185000.0,204045.0,115000.0,85000,720.2,768.0,239.0,38,37,33.0,RESIDENCE,R,A
2003,region,high_confidence_current_schema,central-coast,central-coast,Central Coast,,central-coast:UNKNOWN,UNKNOWN in Central Coast,,central-coast:UNKNOWN:UNKNOWN,UNKNOWN (UNKNOWN),13321,8922,2000,1503,896,310000,325000.0,332000.0,285000.0,179500,607.0,601.3,174.5,42,42.0,42.0,RESIDENCE,R,A
2003,region,high_confidence_current_schema,central-west-orana,central-west-orana,Central West & Orana,,central-west-orana:UNKNOWN,UNKNOWN in Central West & Orana,,central-west-orana:UNKNOWN:UNKNOWN,UNKNOWN (UNKNOWN),16142,9403,588,3832,2319,130000.0,149500,150000,135000.0,64000.0,750.4,777.8,147.0,40.0,37,41.0,RESIDENCE,R,A
2003,region,high_confidence_current_schema,far-west,far-west,Far West,,far-west:UNKNOWN,UNKNOWN in Far West,,far-west:UNKNOWN:UNKNOWN,UNKNOWN (UNKNOWN),1603,1134,20,187,262,59950,55000.0,55000.0,102500.0,40000,916.9,892.85,,36,36.0,42.0,RESIDENCE,R,A
2003,region,high_confidence_current_schema,hunter,hunter,Hunter,,hunter:UNKNOWN,UNKNOWN in Hunter,,hunter:UNKNOWN:UNKNOWN,UNKNOWN (UNKNOWN),31609,18728,3660,6510,2711,225000,247000.0,245000.0,257500.0,117250.0,670.3,657.6,195.0,41,38.0,42.0,RESIDENCE,R,A
2003,region,high_confidence_current_schema,illawarra,illawarra,Illawarra,,illawarra:UNKNOWN,UNKNOWN in Illawarra,,illawarra:UNKNOWN:UNKNOWN,UNKNOWN (UNKNOWN),13716,8198,2171,2519,828,280000.0,300000,310000.0,270000,160000,651.3,650.0,216.0,42.0,42.0,42,RESIDENCE,R,A
2003,region,high_confidence_current_schema,metropolitan-sydney,metropolitan-sydney,Metropolitan Sydney,,metropolitan-sydney:UNKNOWN,UNKNOWN in Metropolitan Sydney,,metropolitan-sydney:UNKNOWN:UNKNOWN,UNKNOWN (UNKNOWN),135284,63560,53802,6424,11498,410000.0,411950.0,475000.0,365000.0,297000.0,596.6,600.15,133.0,45.0,44,44,RESIDENCE,R,A
2003,region,high_confidence_current_schema,new-england-north-west,new-england-north-west,New England & North West,,new-england-north-west:UNKNOWN,UNKNOWN in New England & North West,,new-england-north-west:UNKNOWN:UNKNOWN,UNKNOWN (UNKNOWN),7445,4583,213,1361,1288,115000,120000.0,120000,110000,45000,770.35,809.4,66.0,35,34,35,RESIDENCE,R,A
2003,region,high_confidence_current_schema,north-coast,north-coast,North Coast,,north-coast:UNKNOWN,UNKNOWN in North Coast,,north-coast:UNKNOWN:UNKNOWN,UNKNOWN (UNKNOWN),22771,11372,4032,5089,2278,215000,242000.0,255000.0,210000.0,120000,683.85,677.8,161.0,35,34.0,35.0,RESIDENCE,R,A
2003,region,high_confidence_current_schema,riverina-murray,riverina-murray,Riverina Murray,,riverina-murray:UNKNOWN,UNKNOWN in Riverina Murray,,riverina-murray:UNKNOWN:UNKNOWN,UNKNOWN (UNKNOWN),12723,6791,1182,2784,1966,125000,140000,146000,115000.0,55000.0,801.85,822.0,252.0,34,32,33.0,RESIDENCE,R,A
2003,region,high_confidence_current_schema,south-east-tablelands,south-east-tablelands,South East & Tablelands,,south-east-tablelands:UNKNOWN,UNKNOWN in South East & Tablelands,,south-east-tablelands:UNKNOWN:UNKNOWN,UNKNOWN (UNKNOWN),12178,6042,1271,3720,1145,199000.0,250000,275000.0,167000,120000.0,742.5,765.8,274.0,42.0,38.0,35,RESIDENCE,R,A
2004,region,high_confidence_current_schema,central-coast,central-coast,Central Coast,,central-coast:UNKNOWN,UNKNOWN in Central Coast,,central-coast:UNKNOWN:UNKNOWN,UNKNOWN (UNKNOWN),10451,6664,1884,1168,735,345000,357750.0,370000.0,310000.0,225750.0,607.0,607.0,192.0,42,42.0,43.0,RESIDENCE,R,A
2004,region,high_confidence_current_schema,central-west-orana,central-west-orana,Central West & Orana,,central-west-orana:UNKNOWN,UNKNOWN in Central West & Orana,,central-west-orana:UNKNOWN:UNKNOWN,UNKNOWN (UNKNOWN),13714,7763,373,3516,2062,151666.0,175000.0,175000,157000,79550.0,790.4,805.4,183.0,42.0,38,42,RESIDENCE,R,A
2004,region,high_confidence_current_schema,far-west,far-west,Far West,,far-west:UNKNOWN,UNKNOWN in Far West,,far-west:UNKNOWN:UNKNOWN,UNKNOWN (UNKNOWN),2020,1259,18,319,424,70000.0,67000,67000,92000.0,24000,886.2,873.0,,42.0,37,37.0,RESIDENCE,R,A
2004,region,high_confidence_current_schema,hunter,hunter,Hunter,,hunter:UNKNOWN,UNKNOWN in Hunter,,hunter:UNKNOWN:UNKNOWN,UNKNOWN (UNKNOWN),27077,15916,2647,5908,2606,260000,282000,285000.0,275000,157000.0,670.3,657.1,209.5,42,37.0,42,RESIDENCE,R,A
2004,region,high_confidence_current_schema,illawarra,illawarra,Illawarra,,illawarra:UNKNOWN,UNKNOWN in Illawarra,,illawarra:UNKNOWN:UNKNOWN,UNKNOWN (UNKNOWN),11613,6535,2193,2092,793,315000,337000.0,352500,295000,180000.0,657.7,651.2,217.5,42.0,42.0,42,RESIDENCE,R,A
2004,region,high_confidence_current_schema,metropolitan-sydney,metropolitan-sydney,Metropolitan Sydney,,metropolitan-sydney:UNKNOWN,UNKNOWN in Metropolitan Sydney,,metropolitan-sydney:UNKNOWN:UNKNOWN,UNKNOWN (UNKNOWN),119041,52023,50161,6217,10640,438000,440000.0,515000,390000,319000,594.4,594.5,158.0,44,44,44.0,RESIDENCE,R,A
2004,region,high_confidence_current_schema,new-england-north-west,new-england-north-west,New England & North West,,new-england-north-west:UNKNOWN,UNKNOWN in New England & North West,,new-england-north-west:UNKNOWN:UNKNOWN,UNKNOWN (UNKNOWN),7866,4567,202,1684,1413,130000.0,140000,140000,130000.0,55000.0,770.15,824.8,,35.0,35,34.0,RESIDENCE,R,A
2004,region,high_confidence_current_schema,north-coast,north-coast,North Coast,,north-coast:UNKNOWN,UNKNOWN in North Coast,,north-coast:UNKNOWN:UNKNOWN,UNKNOWN (UNKNOWN),18721,8816,3539,4562,1804,265000,300000,315000.0,266000,162000.0,684.15,680.6,196.5,37.0,34,37,RESIDENCE,R,A
2004,region,high_confidence_current_schema,riverina-murray,riverina-murray,Riverina Murray,,riverina-murray:UNKNOWN,UNKNOWN in Riverina Murray,,riverina-murray:UNKNOWN:UNKNOWN,UNKNOWN (UNKNOWN),13045,6686,905,3106,2348,154500,172000,175000.0,147500,66000.0,799.4,828.3,214.0,35,33.0,32,RESIDENCE,R,A
2004,region,high_confidence_current_schema,south-east-tablelands,south-east-tablelands,South East & Tablelands,,south-east-tablelands:UNKNOWN,UNKNOWN in South East & Tablelands,,south-east-tablelands:UNKNOWN:UNKNOWN,UNKNOWN (UNKNOWN),10827,5119,1172,3471,1065,232500,285000,305000,220000.0,150000,708.2,739.8,259.0,42,38,34.0,RESIDENCE,R,A
2005,region,high_confidence_current_schema,central-coast,central-coast,Central Coast,,central-coast:UNKNOWN,UNKNOWN in Central Coast,,central-coast:UNKNOWN:UNKNOWN,UNKNOWN (UNKNOWN),7755,5326,1397,581,451,349000,350000,360000.0,330000,270000,605.0,604.2,187.0,42,42.0,42,RESIDENCE,R,A
2005,region,high_confidence_current_schema,central-west-orana,central-west-orana,Central West & Orana,,central-west-orana:UNKNOWN,UNKNOWN in Central West & Orana,,central-west-orana:UNKNOWN:UNKNOWN,UNKNOWN (UNKNOWN),10613,5794,243,3025,1551,170000,195000,197000.0,179950,95000,796.7,805.0,223.0,42,37.0,40,RESIDENCE,R,A
2005,region,high_confidence_current_schema,far-west,far-west,Far West,,far-west:UNKNOWN,UNKNOWN in Far West,,far-west:UNKNOWN:UNKNOWN,UNKNOWN (UNKNOWN),1481,969,21,273,218,75000,75000.0,75000,108000,31614,913.55,891.55,245.0,37,35,29,RESIDENCE,R,A
2005,region,high_confidence_current_schema,hunter,hunter,Hunter,,hunter:UNKNOWN,UNKNOWN in Hunter,,hunter:UNKNOWN:UNKNOWN,UNKNOWN (UNKNOWN),18972,11498,2320,3621,1533,285000.0,300000.0,300000.0,300000.0,181000,664.6,651.3,216.0,38.0,35.0,42.0,RESIDENCE,R,A
2005,region,high_confidence_current_schema,illawarra,illawarra,Illawarra,,illawarra:UNKNOWN,UNKNOWN in Illawarra,,illawarra:UNKNOWN:UNKNOWN,UNKNOWN (UNKNOWN),8665,5280,1585,1325,475,335000,345000,360000.0,305000,240000,649.0,645.0,204.5,42,41.0,42,RESIDENCE,R,A
2005,region,high_confidence_current_schema,metropolitan-sydney,metropolitan-sydney,Metropolitan Sydney,,metropolitan-sydney:UNKNOWN,UNKNOWN in Metropolitan Sydney,,metropolitan-sydney:UNKNOWN:UNKNOWN,UNKNOWN (UNKNOWN),97010,42158,41539,5253,8060,455000.0,455000,510000.0,410000,375000,588.1,592.0,119.0,42,42.0,42,RESIDENCE,R,A
2005,region,high_confidence_current_schema,new-england-north-west,new-england-north-west,New England & North West,,new-england-north-west:UNKNOWN,UNKNOWN in New England & North West,,new-england-north-west:UNKNOWN:UNKNOWN,UNKNOWN (UNKNOWN),6637,3716,192,1566,1163,166160,177000.0,180000.0,138625.0,75000.0,769.8,809.4,66.0,35,34.0,41.0,RESIDENCE,R,A
2005,region,high_confidence_current_schema,north-coast,north-coast,North Coast,,north-coast:UNKNOWN,UNKNOWN in North Coast,,north-coast:UNKNOWN:UNKNOWN,UNKNOWN (UNKNOWN),14422,7312,2786,3020,1304,290000.0,315000.0,330000.0,271000.0,187500.0,676.6,680.2,230.0,35.0,32.0,35.0,RESIDENCE,R,A
2005,region,high_confidence_current_schema,riverina-murray,riverina-murray,Riverina Murray,,riverina-murray:UNKNOWN,UNKNOWN in Riverina Murray,,riverina-murray:UNKNOWN:UNKNOWN,UNKNOWN (UNKNOWN),10077,5309,696,2504,1568,176000,195000,200000,168000.0,80000.0,796.4,812.35,173.0,35,32,33.0,RESIDENCE,R,A
2005,region,high_confidence_current_schema,south-east-tablelands,south-east-tablelands,South East & Tablelands,,south-east-tablelands:UNKNOWN,UNKNOWN in South East & Tablelands,,south-east-tablelands:UNKNOWN:UNKNOWN,UNKNOWN (UNKNOWN),8116,4275,874,2220,747,260000.0,295000,310000,240000.0,170000.0,746.1,758.8,250.0,38.0,35,35.0,RESIDENCE,R,A
2006,region,high_confidence_current_schema,central-coast,central-coast,Central Coast,,central-coast:UNKNOWN,UNKNOWN in Central Coast,,central-coast:UNKNOWN:UNKNOWN,UNKNOWN (UNKNOWN),8003,5533,1409,600,461,342000,345000.0,350000,310000,265000.0,601.65,600.7,178.0,42.0,42.0,42.0,RESIDENCE,R,A
2006,region,high_confidence_current_schema,central-west-orana,central-west-orana,Central West & Orana,,central-west-orana:UNKNOWN,UNKNOWN in Central West & Orana,,central-west-orana:UNKNOWN:UNKNOWN,UNKNOWN (UNKNOWN),9468,5460,267,2156,1585,188000.0,205000,205000.0,193000,100000.0,790.4,805.2,218.0,39.0,36.0,38,RESIDENCE,R,A
2006,region,high_confidence_current_schema,far-west,far-west,Far West,,far-west:UNKNOWN,UNKNOWN in Far West,,far-west:UNKNOWN:UNKNOWN,UNKNOWN (UNKNOWN),1636,1000,14,282,340,87000.0,87750.0,87000.0,136250.0,27000.0,916.95,878.9,318.0,42.0,38.0,33.5,RESIDENCE,R,A
2006,region,high_confidence_current_schema,hunter,hunter,Hunter,,hunter:UNKNOWN,UNKNOWN in Hunter,,hunter:UNKNOWN:UNKNOWN,UNKNOWN (UNKNOWN),19618,12224,2526,3166,1702,291000.0,305000.0,305000.0,303250.0,190000.0,650.4,640.94,201.0,36,35.0,39.0,RESIDENCE,R,A
2006,region,high_confidence_current_schema,illawarra,illawarra,Illawarra,,illawarra:UNKNOWN,UNKNOWN in Illawarra,,illawarra:UNKNOWN:UNKNOWN,UNKNOWN (UNKNOWN),9192,5755,1804,1153,480,335000.0,344000,355000,306000.0,230000,645.0,645.0,181.5,42.0,41.0,42,RESIDENCE,R,A
2006,region,high_confidence_current_schema,metropolitan-sydney,metropolitan-sydney,Metropolitan Sydney,,metropolitan-sydney:UNKNOWN,UNKNOWN in Metropolitan Sydney,,metropolitan-sydney:UNKNOWN:UNKNOWN,UNKNOWN (UNKNOWN),97280,44871,39457,5253,7699,440000.0,445000.0,500000,395000,332500,579.1,581.7,136.5,42.0,42.0,42.0,RESIDENCE,R,A
2006,region,high_confidence_current_schema,new-england-north-west,new-england-north-west,New England & North West,,new-england-north-west:UNKNOWN,UNKNOWN in New England & North West,,new-england-north-west:UNKNOWN:UNKNOWN,UNKNOWN (UNKNOWN),6654,3734,146,1485,1289,179000.0,190000.0,193750.0,149500.0,85000,752.5,803.0,286.0,35.0,33,35.0,RESIDENCE,R,A
2006,region,high_confidence_current_schema,north-coast,north-coast,North Coast,,north-coast:UNKNOWN,UNKNOWN in North Coast,,north-coast:UNKNOWN:UNKNOWN,UNKNOWN (UNKNOWN),15162,8138,3152,2512,1360,306000.0,320000.0,332750.0,292750.0,195000.0,676.6,680.0,223.0,33.0,32,35.0,RESIDENCE,R,A
2006,region,high_confidence_current_schema,riverina-murray,riverina-murray,Riverina Murray,,riverina-murray:UNKNOWN,UNKNOWN in Riverina Murray,,riverina-murray:UNKNOWN:UNKNOWN,UNKNOWN (UNKNOWN),9816,5225,695,2223,1673,200000.0,215000.0,220000,182000,90000,782.6,803.0,224.0,33.0,31.0,31,RESIDENCE,R,A
2006,region,high_confidence_current_schema,south-east-tablelands,south-east-tablelands,South East & Tablelands,,south-east-tablelands:UNKNOWN,UNKNOWN in South East & Tablelands,,south-east-tablelands:UNKNOWN:UNKNOWN,UNKNOWN (UNKNOWN),8115,4463,1071,1797,784,275050,300000.0,321000,226000,169000,720.8,744.4,226.0,37,35,36,RESIDENCE,R,A
2007,region,high_confidence_current_schema,central-coast,central-coast,Central Coast,,central-coast:UNKNOWN,UNKNOWN in Central Coast,,central-coast:UNKNOWN:UNKNOWN,UNKNOWN (UNKNOWN),9094,6232,1568,625,669,345000.0,340000.0,349000.0,307000.0,360000,599.0,600.0,189.0,42.0,42.0,42.0,RESIDENCE,R,A
2007,region,high_confidence_current_schema,central-west-orana,central-west-orana,Central West & Orana,,central-west-orana:UNKNOWN,UNKNOWN in Central West & Orana,,central-west-orana:UNKNOWN:UNKNOWN,UNKNOWN (UNKNOWN),9836,5792,310,1902,1832,203000.0,211500.0,215000.0,194500.0,110000.0,777.4,800.2,229.0,38,37.0,39.5,RESIDENCE,R,A
2007,region,high_confidence_current_schema,far-west,far-west,Far West,,far-west:UNKNOWN,UNKNOWN in Far West,,far-west:UNKNOWN:UNKNOWN,UNKNOWN (UNKNOWN),1662,1076,18,271,297,115000.0,116250.0,115000.0,350000.0,35000,916.8,871.75,,42.0,41.0,58.0,RESIDENCE,R,A
2007,region,high_confidence_current_schema,hunter,hunter,Hunter,,hunter:UNKNOWN,UNKNOWN in Hunter,,hunter:UNKNOWN:UNKNOWN,UNKNOWN (UNKNOWN),21152,13432,2529,3138,2053,300000.0,310000,312000.0,290000,180000.0,650.2,643.8,190.0,35.0,35.0,36,RESIDENCE,R,A
2007,region,high_confidence_current_schema,illawarra,illawarra,Illawarra,,illawarra:UNKNOWN,UNKNOWN in Illawarra,,illawarra:UNKNOWN:UNKNOWN,UNKNOWN (UNKNOWN),10384,6604,1975,1043,762,339000.0,345000,358000.0,300000,218500,644.8,642.2,210.0,42,41,42,RESIDENCE,R,A
2007,region,high_confidence_current_schema,metropolitan-sydney,metropolitan-sydney,Metropolitan Sydney,,metropolitan-sydney:UNKNOWN,UNKNOWN in Metropolitan Sydney,,metropolitan-sydney:UNKNOWN:UNKNOWN,UNKNOWN (UNKNOWN),111309,51858,45513,4157,9781,456500,455000,525000.0,400000,320000,575.4,576.85,116.0,42.0,42,42.0,RESIDENCE,R,A
2007,region,high_confidence_current_schema,new-england-north-west,new-england-north-west,New England & North West,,new-england-north-west:UNKNOWN,UNKNOWN in New England & North West,,new-england-north-west:UNKNOWN:UNKNOWN,UNKNOWN (UNKNOWN),6840,3891,212,1377,1360,200000.0,210000,210000,206000.0,92000,777.5,808.4,462.0,35,34,36.0,RESIDENCE,R,A
2007,region,high_confidence_current_schema,north-coast,north-coast,North Coast,,north-coast:UNKNOWN,UNKNOWN in North Coast,,north-coast:UNKNOWN:UNKNOWN,UNKNOWN (UNKNOWN),18203,9877,3561,2991,1774,324100,340000.0,356000,300000,189000,680.4,686.0,248.0,33,33.0,33.0,RESIDENCE,R,A
2007,region,high_confidence_current_schema,riverina-murray,riverina-murray,Riverina Murray,,riverina-murray:UNKNOWN,UNKNOWN in Riverina Murray,,riverina-murray:UNKNOWN:UNKNOWN,UNKNOWN (UNKNOWN),9938,5250,723,2143,1822,210000.0,222000,230000.0,183000,96000,777.0,803.0,274.0,32,31.0,31,RESIDENCE,R,A
2007,region,high_confidence_current_schema,south-east-tablelands,south-east-tablelands,South East & Tablelands,,south-east-tablelands:UNKNOWN,UNKNOWN in South East & Tablelands,,south-east-tablelands:UNKNOWN:UNKNOWN,UNKNOWN (UNKNOWN),9232,5121,1146,1959,1006,290000.0,320000,340000,249250.0,175000,733.5,749.85,130.0,36.0,35,35.0,RESIDENCE,R,A
2008,region,high_confidence_current_schema,central-coast,central-coast,Central Coast,,central-coast:UNKNOWN,UNKNOWN in Central Coast,,central-coast:UNKNOWN:UNKNOWN,UNKNOWN (UNKNOWN),7758,5413,1397,446,502,335000.0,335000.0,349000,283500,255000.0,603.5,600.8,191.0,42.0,42,41,RESIDENCE,R,A
2008,region,high_confidence_current_schema,central-west-orana,central-west-orana,Central West & Orana,,central-west-orana:UNKNOWN,UNKNOWN in Central West & Orana,,central-west-orana:UNKNOWN:UNKNOWN,UNKNOWN (UNKNOWN),8944,5393,235,1776,1540,200000.0,217000.0,220000,195000,100000.0,765.1,800.0,211.0,38,36,40,RESIDENCE,R,A
2008,region,high_confidence_current_schema,far-west,far-west,Far West,,far-west:UNKNOWN,UNKNOWN in Far West,,far-west:UNKNOWN:UNKNOWN,UNKNOWN (UNKNOWN),1440,878,28,217,317,125000.0,127750.0,127750.0,130000.0,28000,927.3,905.4,218.5,38.0,36.0,28.5,RESIDENCE,R,A
2008,region,high_confidence_current_schema,hunter,hunter,Hunter,,hunter:UNKNOWN,UNKNOWN in Hunter,,hunter:UNKNOWN:UNKNOWN,UNKNOWN (UNKNOWN),18711,11897,2483,2503,1828,307000,315000.0,322000,290000,180000,645.0,638.0,210.0,36,35,39,RESIDENCE,R,A
2008,region,high_confidence_current_schema,illawarra,illawarra,Illawarra,,illawarra:UNKNOWN,UNKNOWN in Illawarra,,illawarra:UNKNOWN:UNKNOWN,UNKNOWN (UNKNOWN),9206,5773,1947,934,552,332500.0,340000.0,360000,299000,215000.0,650.0,650.2,238.0,42,40.0,42,RESIDENCE,R,A
2008,region,high_confidence_current_schema,metropolitan-sydney,metropolitan-sydney,Metropolitan Sydney,,metropolitan-sydney:UNKNOWN,UNKNOWN in Metropolitan Sydney,,metropolitan-sydney:UNKNOWN:UNKNOWN,UNKNOWN (UNKNOWN),104726,46841,45802,3540,8543,455000.0,455000,533950,402000.0,295000.0,575.4,580.4,131.0,42,42.0,42.0,RESIDENCE,R,A
2008,region,high_confidence_current_schema,new-england-north-west,new-england-north-west,New England & North West,,new-england-north-west:UNKNOWN,UNKNOWN in New England & North West,,new-england-north-west:UNKNOWN:UNKNOWN,UNKNOWN (UNKNOWN),6141,3444,165,1251,1281,205000,220000,223000.0,190000,85000,752.5,803.0,210.0,35.0,35.0,41,RESIDENCE,R,A
2008,region,high_confidence_current_schema,north-coast,north-coast,North Coast,,north-coast:UNKNOWN,UNKNOWN in North Coast,,north-coast:UNKNOWN:UNKNOWN,UNKNOWN (UNKNOWN),15631,8395,3048,2655,1533,335000,355000,372500,320000.0,200000,686.05,684.9,219.0,35,34,34.5,RESIDENCE,R,A
2008,region,high_confidence_current_schema,riverina-murray,riverina-murray,Riverina Murray,,riverina-murray:UNKNOWN,UNKNOWN in Riverina Murray,,riverina-murray:UNKNOWN:UNKNOWN,UNKNOWN (UNKNOWN),8856,4738,745,1762,1611,215000.0,225000,233000.0,189500,100000.0,759.25,796.95,196.0,32,31.0,31,RESIDENCE,R,A
2008,region,high_confidence_current_schema,south-east-tablelands,south-east-tablelands,South East & Tablelands,,south-east-tablelands:UNKNOWN,UNKNOWN in South East & Tablelands,,south-east-tablelands:UNKNOWN:UNKNOWN,UNKNOWN (UNKNOWN),8738,4780,1220,1861,877,290000.0,320000.0,340000.0,270000.0,173750,695.6,734.35,258.0,36,35,38.0,RESIDENCE,R,A
2009,region,high_confidence_current_schema,central-coast,central-coast,Central Coast,,central-coast:UNKNOWN,UNKNOWN in Central Coast,,central-coast:UNKNOWN:UNKNOWN,UNKNOWN (UNKNOWN),9491,6571,1904,528,488,325500,330000,345000,281000.0,225000.0,600.7,601.7,175.0,42.0,42,42.0,RESIDENCE,R,A
2009,region,high_confidence_current_schema,central-west-orana,central-west-orana,Central West & Orana,,central-west-orana:UNKNOWN,UNKNOWN in Central West & Orana,,central-west-orana:UNKNOWN:UNKNOWN,UNKNOWN (UNKNOWN),8959,5586,317,1789,1267,200000,220000,225000.0,198000,95000,764.7,790.4,200.0,38,37.0,41,RESIDENCE,R,A
2009,region,high_confidence_current_schema,far-west,far-west,Far West,,far-west:UNKNOWN,UNKNOWN in Far West,,far-west:UNKNOWN:UNKNOWN,UNKNOWN (UNKNOWN),989,589,6,171,223,115000,120000,120000,136500.0,20000,974.0,948.4,373.0,41,38,43.5,RESIDENCE,R,A
2009,region,high_confidence_current_schema,hunter,hunter,Hunter,,hunter:UNKNOWN,UNKNOWN in Hunter,,hunter:UNKNOWN:UNKNOWN,UNKNOWN (UNKNOWN),19706,13060,2764,2264,1618,302500.0,315000.0,320000.0,295000.0,175000.0,641.3,632.3,194.0,36.0,35.0,38,RESIDENCE,R,A
2009,region,high_confidence_current_schema,illawarra,illawarra,Illawarra,,illawarra:UNKNOWN,UNKNOWN in Illawarra,,illawarra:UNKNOWN:UNKNOWN,UNKNOWN (UNKNOWN),9886,6298,2137,1019,432,328000.0,337500,350000.0,299000,200000,632.3,638.6,205.5,42.0,42.0,42,RESIDENCE,R,A
2009,region,high_confidence_current_schema,metropolitan-sydney,metropolitan-sydney,Metropolitan Sydney,,metropolitan-sydney:UNKNOWN,UNKNOWN in Metropolitan Sydney,,metropolitan-sydney:UNKNOWN:UNKNOWN,UNKNOWN (UNKNOWN),111849,49626,51180,4647,6396,440500,445000.0,503000.0,405000.0,280000,569.1,575.4,134.0,42,44.0,42,RESIDENCE,R,A
2009,region,high_confidence_current_schema,new-england-north-west,new-england-north-west,New England & North West,,new-england-north-west:UNKNOWN,UNKNOWN in New England & North West,,new-england-north-west:UNKNOWN:UNKNOWN,UNKNOWN (UNKNOWN),5828,3419,177,1109,1123,210000.0,220000.0,222000,200000,90000,752.5,800.2,396.0,35,35,35,RESIDENCE,R,A
2009,region,high_confidence_current_schema,north-coast,north-coast,North Coast,,north-coast:UNKNOWN,UNKNOWN in North Coast,,north-coast:UNKNOWN:UNKNOWN,UNKNOWN (UNKNOWN),13939,7829,2872,2063,1175,319000,340000,355000,299000.0,180000,680.0,682.15,212.0,32.0,33,32,RESIDENCE,R,A
2009,region,high_confidence_current_schema,riverina-murray,riverina-murray,Riverina Murray,,riverina-murray:UNKNOWN,UNKNOWN in Riverina Murray,,riverina-murray:UNKNOWN:UNKNOWN,UNKNOWN (UNKNOWN),8570,4758,717,1636,1459,212500.0,225500,235000.0,183000,100000.0,746.1,782.15,255.0,32.0,32.0,33,RESIDENCE,R,A
2009,region,high_confidence_current_schema,south-east-tablelands,south-east-tablelands,South East & Tablelands,,south-east-tablelands:UNKNOWN,UNKNOWN in South East & Tablelands,,south-east-tablelands:UNKNOWN:UNKNOWN,UNKNOWN (UNKNOWN),8007,4707,1058,1521,721,285000,319000,330000,255000.0,135000,709.05,744.75,134.0,35,35.0,35.0,RESIDENCE,R,A
2010,region,high_confidence_current_schema,central-coast,central-coast,Central Coast,,central-coast:UNKNOWN,UNKNOWN in Central Coast,,central-coast:UNKNOWN:UNKNOWN,UNKNOWN (UNKNOWN),8218,5613,1521,611,473,350000.0,357000.0,375000,305000,180000,601.9,604.0,176.0,42.0,42,42,RESIDENCE,R,A
2010,region,high_confidence_current_schema,central-west-orana,central-west-orana,Central West & Orana,,central-west-orana:UNKNOWN,UNKNOWN in Central West & Orana,,central-west-orana:UNKNOWN:UNKNOWN,UNKNOWN (UNKNOWN),8348,4874,316,1757,1401,220000.0,245000.0,248000.0,214750.0,110000,739.8,784.4,201.0,40.0,38.0,40.0,RESIDENCE,R,A
2010,region,high_confidence_current_schema,far-west,far-west,Far West,,far-west:UNKNOWN,UNKNOWN in Far West,,far-west:UNKNOWN:UNKNOWN,UNKNOWN (UNKNOWN),972,548,8,171,245,135000.0,125000.0,125000.0,158750.0,59400,991.9,935.9,376.5,42.0,41.0,39.0,RESIDENCE,R,A
2010,region,high_confidence_current_schema,hunter,hunter,Hunter,,hunter:UNKNOWN,UNKNOWN in Hunter,,hunter:UNKNOWN:UNKNOWN,UNKNOWN (UNKNOWN),18988,11466,2700,3111,1711,325000.0,345500.0,355000.0,310000.0,180000,647.9,641.0,207.0,37.0,37.0,36,RESIDENCE,R,A
2010,region,high_confidence_current_schema,illawarra,illawarra,Illawarra,,illawarra:UNKNOWN,UNKNOWN in Illawarra,,illawarra:UNKNOWN:UNKNOWN,UNKNOWN (UNKNOWN),9747,5963,1888,1310,586,356000,375000,390000,334000.0,207333.0,647.9,645.0,184.0,42.0,42.0,42.0,RESIDENCE,R,A
2010,region,high_confidence_current_schema,metropolitan-sydney,metropolitan-sydney,Metropolitan Sydney,,metropolitan-sydney:UNKNOWN,UNKNOWN in Metropolitan Sydney,,metropolitan-sydney:UNKNOWN:UNKNOWN,UNKNOWN (UNKNOWN),104357,47409,43648,5689,7611,515000,525000,620000,460000.0,305000,570.3,580.6,130.0,43.0,44,42.0,RESIDENCE,R,A
2010,region,high_confidence_current_schema,new-england-north-west,new-england-north-west,New England & North West,,new-england-north-west:UNKNOWN,UNKNOWN in New England & North West,,new-england-north-west:UNKNOWN:UNKNOWN,UNKNOWN (UNKNOWN),5395,3015,168,1122,1090,224000,240250,245000,207500.0,97000.0,733.5,796.7,225.0,35,35,35.0,RESIDENCE,R,A
2010,region,high_confidence_current_schema,north-coast,north-coast,North Coast,,north-coast:UNKNOWN,UNKNOWN in North Coast,,north-coast:UNKNOWN:UNKNOWN,UNKNOWN (UNKNOWN),13467,7387,2661,2224,1195,349000,375000.0,390000,325000,198000.0,680.25,680.0,173.0,35,35,33,RESIDENCE,R,A
2010,region,high_confidence_current_schema,riverina-murray,riverina-murray,Riverina Murray,,riverina-murray:UNKNOWN,UNKNOWN in Riverina Murray,,riverina-murray:UNKNOWN:UNKNOWN,UNKNOWN (UNKNOWN),7535,3961,575,1566,1433,220000,240000.0,250000,195000,100000.0,752.5,799.0,251.5,34,33,31,RESIDENCE,R,A
2010,region,high_confidence_current_schema,south-east-tablelands,south-east-tablelands,South East & Tablelands,,south-east-tablelands:UNKNOWN,UNKNOWN in South East & Tablelands,,south-east-tablelands:UNKNOWN:UNKNOWN,UNKNOWN (UNKNOWN),8205,4477,1045,1879,804,310000,350000.0,375000,285000,160000,705.0,740.0,206.1,39.0,37,35,RESIDENCE,R,A
2011,region,high_confidence_current_schema,central-coast,central-coast,Central Coast,,central-coast:UNKNOWN,UNKNOWN in Central Coast,,central-coast:UNKNOWN:UNKNOWN,UNKNOWN (UNKNOWN),7831,5428,1404,555,444,350000,355000.0,370000.0,300525.0,215000,600.7,600.7,194.5,42.0,42,42.0,RESIDENCE,R,A
2011,region,high_confidence_current_schema,central-west-orana,central-west-orana,Central West & Orana,,central-west-orana:UNKNOWN,UNKNOWN in Central West & Orana,,central-west-orana:UNKNOWN:UNKNOWN,UNKNOWN (UNKNOWN),8911,4887,364,2028,1632,225000,250000,250000,222750.0,110000.0,748.3,774.3,197.0,38,36,38.5,RESIDENCE,R,A
2011,region,high_confidence_current_schema,far-west,far-west,Far West,,far-west:UNKNOWN,UNKNOWN in Far West,,far-west:UNKNOWN:UNKNOWN,UNKNOWN (UNKNOWN),927,552,13,158,204,120000,120000,120000.0,130000,25000.0,954.8,923.2,192.0,39.0,36,36,RESIDENCE,R,A
2011,region,high_confidence_current_schema,hunter,hunter,Hunter,,hunter:UNKNOWN,UNKNOWN in Hunter,,hunter:UNKNOWN:UNKNOWN,UNKNOWN (UNKNOWN),18481,11223,2403,3255,1600,326000,345000.0,355000,305000,183000,645.0,637.9,190.5,36,36,37,RESIDENCE,R,A
2011,region,high_confidence_current_schema,illawarra,illawarra,Illawarra,,illawarra:UNKNOWN,UNKNOWN in Illawarra,,illawarra:UNKNOWN:UNKNOWN,UNKNOWN (UNKNOWN),8760,5507,1629,1036,588,368000.0,380000.0,400000,335000,240000.0,630.0,636.75,205.0,42.0,42,42,RESIDENCE,R,A
2011,region,high_confidence_current_schema,metropolitan-sydney,metropolitan-sydney,Metropolitan Sydney,,metropolitan-sydney:UNKNOWN,UNKNOWN in Metropolitan Sydney,,metropolitan-sydney:UNKNOWN:UNKNOWN,UNKNOWN (UNKNOWN),99198,43124,39872,6127,10075,521500.0,530000.0,620000.0,482000.0,310000,569.0,579.93,131.0,43.0,44.0,42,RESIDENCE,R,A
2011,region,high_confidence_current_schema,new-england-north-west,new-england-north-west,New England & North West,,new-england-north-west:UNKNOWN,UNKNOWN in New England & North West,,new-england-north-west:UNKNOWN:UNKNOWN,UNKNOWN (UNKNOWN),5139,2811,158,1146,1024,225000,250000,250000,219500.0,85000.0,728.35,790.9,350.0,35,35,35.0,RESIDENCE,R,A
2011,region,high_confidence_current_schema,north-coast,north-coast,North Coast,,north-coast:UNKNOWN,UNKNOWN in North Coast,,north-coast:UNKNOWN:UNKNOWN,UNKNOWN (UNKNOWN),10759,5753,1915,1677,1414,349000,365000.0,382000,315000,195000,670.3,682.9,186.5,33,32,31,RESIDENCE,R,A
2011,region,high_confidence_current_schema,riverina-murray,riverina-murray,Riverina Murray,,riverina-murray:UNKNOWN,UNKNOWN in Riverina Murray,,riverina-murray:UNKNOWN:UNKNOWN,UNKNOWN (UNKNOWN),7082,3712,491,1476,1403,225000.0,244500,252500.0,202500,96175.0,750.8,796.7,248.0,32,31.0,30,RESIDENCE,R,R1
2011,region,high_confidence_current_schema,south-east-tablelands,south-east-tablelands,South East & Tablelands,,south-east-tablelands:UNKNOWN,UNKNOWN in South East & Tablelands,,south-east-tablelands:UNKNOWN:UNKNOWN,UNKNOWN (UNKNOWN),7720,4164,949,1735,872,312000.0,355000,375000.0,285000,150000,700.0,751.55,157.0,37,35.0,35,RESIDENCE,R,A
2012,region,high_confidence_current_schema,central-coast,central-coast,Central Coast,,central-coast:UNKNOWN,UNKNOWN in Central Coast,,central-coast:UNKNOWN:UNKNOWN,UNKNOWN (UNKNOWN),8211,5749,1513,371,578,350000,352500.0,370000,295000,210000,600.7,600.7,183.5,42.0,42,42.0,RESIDENCE,R,A
2012,region,high_confidence_current_schema,central-west-orana,central-west-orana,Central West & Orana,,central-west-orana:UNKNOWN,UNKNOWN in Central West & Orana,,central-west-orana:UNKNOWN:UNKNOWN,UNKNOWN (UNKNOWN),9499,5270,298,2122,1809,238000,260000.0,263000.0,216750.0,120000.0,743.3,785.9,200.0,42.0,38,35.0,RESIDENCE,R,A
2012,region,high_confidence_current_schema,far-west,far-west,Far West,,far-west:UNKNOWN,UNKNOWN in Far West,,far-west:UNKNOWN:UNKNOWN,UNKNOWN (UNKNOWN),1053,656,25,148,224,120000,115000,115000.0,225000,47500.0,936.96,918.35,373.0,41,39.0,30,RESIDENCE,R,A
2012,region,high_confidence_current_schema,hunter,hunter,Hunter,,hunter:UNKNOWN,UNKNOWN in Hunter,,hunter:UNKNOWN:UNKNOWN,UNKNOWN (UNKNOWN),19781,11678,2355,3723,2025,330000,350080,365000.0,300000,181750,642.75,638.6,202.0,37,36.0,36,RESIDENCE,R,A
2012,region,high_confidence_current_schema,illawarra,illawarra,Illawarra,,illawarra:UNKNOWN,UNKNOWN in Illawarra,,illawarra:UNKNOWN:UNKNOWN,UNKNOWN (UNKNOWN),8973,5458,1532,1187,796,368000,382750.0,402000.0,327500.0,225000,635.8,643.8,191.0,42,42.0,42.0,RESIDENCE,R,A
2012,region,high_confidence_current_schema,metropolitan-sydney,metropolitan-sydney,Metropolitan Sydney,,metropolitan-sydney:UNKNOWN,UNKNOWN in Metropolitan Sydney,,metropolitan-sydney:UNKNOWN:UNKNOWN,UNKNOWN (UNKNOWN),96446,41799,38254,6507,9886,530000.0,543850,622000,493750.0,300000,560.3,576.5,133.0,43,44.0,42.0,RESIDENCE,R,A
2012,region,high_confidence_current_schema,new-england-north-west,new-england-north-west,New England & North West,,new-england-north-west:UNKNOWN,UNKNOWN in New England & North West,,new-england-north-west:UNKNOWN:UNKNOWN,UNKNOWN (UNKNOWN),4947,2860,134,1068,885,230000,250000.0,250000.0,220500.0,105000.0,733.5,784.1,117.0,35.0,35.0,35.0,RESIDENCE,R,A
2012,region,high_confidence_current_schema,north-coast,north-coast,North Coast,,north-coast:UNKNOWN,UNKNOWN in North Coast,,north-coast:UNKNOWN:UNKNOWN,UNKNOWN (UNKNOWN),10852,5838,1930,1786,1298,335000.0,360000.0,380000.0,298500.0,195000.0,673.9,682.9,294.0,33,33.0,32.0,RESIDENCE,R,A
2012,region,high_confidence_current_schema,riverina-murray,riverina-murray,Riverina Murray,,riverina-murray:UNKNOWN,UNKNOWN in Riverina Murray,,riverina-murray:UNKNOWN:UNKNOWN,UNKNOWN (UNKNOWN),7246,3739,498,1428,1581,225000.0,235500,247000,191250.0,90000.0,747.55,803.0,247.0,34.0,31,30.0,RESIDENCE,R,R1
2012,region,high_confidence_current_schema,south-east-tablelands,south-east-tablelands,South East & Tablelands,,south-east-tablelands:UNKNOWN,UNKNOWN in South East & Tablelands,,south-east-tablelands:UNKNOWN:UNKNOWN,UNKNOWN (UNKNOWN),7588,4025,867,1705,991,315750.0,355000.0,371000,285000,165000,697.0,746.1,162.0,38.0,35,35,RESIDENCE,R,A
2013,region,high_confidence_current_schema,central-coast,central-coast,Central Coast,,central-coast:UNKNOWN,UNKNOWN in Central Coast,,central-coast:UNKNOWN:UNKNOWN,UNKNOWN (UNKNOWN),9212,6024,1646,547,995,375000.0,380000.0,400000.0,315000.0,205000,601.6,604.0,197.5,42.0,42.0,42.0,RESIDENCE,R,A
2013,region,high_confidence_current_schema,central-west-orana,central-west-orana,Central West & Orana,,central-west-orana:UNKNOWN,UNKNOWN in Central West & Orana,,central-west-orana:UNKNOWN:UNKNOWN,UNKNOWN (UNKNOWN),9020,4787,228,2477,1528,227500.0,270000,275000,222000.0,110000,726.5,771.4,195.5,42,37.0,35.0,RESIDENCE,R,R1
2013,region,high_confidence_current_schema,far-west,far-west,Far West,,far-west:UNKNOWN,UNKNOWN in Far West,,far-west:UNKNOWN:UNKNOWN,UNKNOWN (UNKNOWN),1116,680,20,170,246,125000.0,125000.0,125000.0,95000.0,44500.0,950.4,936.0,251.0,37.0,35.0,20.0,RESIDENCE,R,A
2013,region,high_confidence_current_schema,hunter,hunter,Hunter,,hunter:UNKNOWN,UNKNOWN in Hunter,,hunter:UNKNOWN:UNKNOWN,UNKNOWN (UNKNOWN),19993,11446,2406,3844,2297,348000,370000.0,384000.0,325000.0,186000.0,638.6,636.9,196.0,37,36.0,36.0,RESIDENCE,R,A
2013,region,high_confidence_current_schema,illawarra,illawarra,Illawarra,,illawarra:UNKNOWN,UNKNOWN in Illawarra,,illawarra:UNKNOWN:UNKNOWN,UNKNOWN (UNKNOWN),10836,5754,2100,1978,1004,367250.0,398750.0,415000.0,369000.0,185000.0,632.3,645.0,207.0,42.0,42.0,42.0,RESIDENCE,R,R2
2013,region,high_confidence_current_schema,metropolitan-sydney,metropolitan-sydney,Metropolitan Sydney,,metropolitan-sydney:UNKNOWN,UNKNOWN in Metropolitan Sydney,,metropolitan-sydney:UNKNOWN:UNKNOWN,UNKNOWN (UNKNOWN),111351,47475,44384,8257,11235,570000,587500,680000,530000.0,300000,556.4,579.5,116.0,44,44.0,43,RESIDENCE,R,A
2013,region,high_confidence_current_schema,new-england-north-west,new-england-north-west,New England & North West,,new-england-north-west:UNKNOWN,UNKNOWN in New England & North West,,new-england-north-west:UNKNOWN:UNKNOWN,UNKNOWN (UNKNOWN),5115,2825,147,1228,915,232000,259000.0,260000,227000,107000.0,733.5,790.5,245.0,35,34,35,RESIDENCE,R,R1
2013,region,high_confidence_current_schema,north-coast,north-coast,North Coast,,north-coast:UNKNOWN,UNKNOWN in North Coast,,north-coast:UNKNOWN:UNKNOWN,UNKNOWN (UNKNOWN),12714,6697,2127,2156,1734,340000.0,365000.0,385000,299000,200000.0,670.3,695.1,270.0,33.0,32,32,RESIDENCE,R,A
2013,region,high_confidence_current_schema,riverina-murray,riverina-murray,Riverina Murray,,riverina-murray:UNKNOWN,UNKNOWN in Riverina Murray,,riverina-murray:UNKNOWN:UNKNOWN,UNKNOWN (UNKNOWN),8005,4116,580,1682,1627,230000,245000.0,250000.0,199000.0,109000.0,746.3,796.7,209.5,34,31.0,31.0,RESIDENCE,R,R1
2013,region,high_confidence_current_schema,south-east-tablelands,south-east-tablelands,South East & Tablelands,,south-east-tablelands:UNKNOWN,UNKNOWN in South East & Tablelands,,south-east-tablelands:UNKNOWN:UNKNOWN,UNKNOWN (UNKNOWN),7928,4264,829,1795,1040,320000.0,372500,390000.0,285000,157500,701.05,752.5,141.0,37.0,36.0,35,RESIDENCE,R,R2
2014,region,high_confidence_current_schema,central-coast,central-coast,Central Coast,,central-coast:UNKNOWN,UNKNOWN in Central Coast,,central-coast:UNKNOWN:UNKNOWN,UNKNOWN (UNKNOWN),9967,6779,1753,567,868,420000,425000.0,446000,345000,227000,600.4,600.7,199.0,42.0,42.0,42,RESIDENCE,R,A
2014,region,high_confidence_current_schema,central-west-orana,central-west-orana,Central West & Orana,,central-west-orana:UNKNOWN,UNKNOWN in Central West & Orana,,central-west-orana:UNKNOWN:UNKNOWN,UNKNOWN (UNKNOWN),9363,5008,219,2549,1587,235000,280000,284250.0,227500,120000,733.5,771.4,210.0,42,37.0,35,RESIDENCE,R,R1
2014,region,high_confidence_current_schema,far-west,far-west,Far West,,far-west:UNKNOWN,UNKNOWN in Far West,,far-west:UNKNOWN:UNKNOWN,UNKNOWN (UNKNOWN),1111,700,7,173,231,140000,131000,132500.0,80000,65000,969.1,925.75,1180.0,37,35.0,33,RESIDENCE,R,R1
2014,region,high_confidence_current_schema,hunter,hunter,Hunter,,hunter:UNKNOWN,UNKNOWN in Hunter,,hunter:UNKNOWN:UNKNOWN,UNKNOWN (UNKNOWN),19920,11887,2648,3411,1974,365000.0,390000,401500,336250.0,195000,627.8,632.3,182.0,37.0,36,39.0,RESIDENCE,R,A
2014,region,high_confidence_current_schema,illawarra,illawarra,Illawarra,,illawarra:UNKNOWN,UNKNOWN in Illawarra,,illawarra:UNKNOWN:UNKNOWN,UNKNOWN (UNKNOWN),11193,6621,2089,1525,958,400000,420000.0,440000,377000,230000,630.0,638.6,169.0,42,42,42,RESIDENCE,R,R2
2014,region,high_confidence_current_schema,metropolitan-sydney,metropolitan-sydney,Metropolitan Sydney,,metropolitan-sydney:UNKNOWN,UNKNOWN in Metropolitan Sydney,,metropolitan-sydney:UNKNOWN:UNKNOWN,UNKNOWN (UNKNOWN),128232,52710,54338,9834,11350,636000.0,658000.0,790000.0,599900.0,318950.0,505.78,576.21,106.0,46.0,44,48.0,RESIDENCE,R,R2
2014,region,high_confidence_current_schema,new-england-north-west,new-england-north-west,New England & North West,,new-england-north-west:UNKNOWN,UNKNOWN in New England & North West,,new-england-north-west:UNKNOWN:UNKNOWN,UNKNOWN (UNKNOWN),5393,2979,144,1375,895,235000,267000,270000,200000.0,98000,718.3,795.0,172.5,35,34,35.0,RESIDENCE,R,R1
2014,region,high_confidence_current_schema,north-coast,north-coast,North Coast,,north-coast:UNKNOWN,UNKNOWN in North Coast,,north-coast:UNKNOWN:UNKNOWN,UNKNOWN (UNKNOWN),14892,7840,2676,2766,1610,349000.0,380000.0,407750.0,310000.0,210500.0,661.4,680.8,250.5,35,34.0,32.0,RESIDENCE,R,R1
2014,region,high_confidence_current_schema,riverina-murray,riverina-murray,Riverina Murray,,riverina-murray:UNKNOWN,UNKNOWN in Riverina Murray,,riverina-murray:UNKNOWN:UNKNOWN,UNKNOWN (UNKNOWN),8845,4375,664,2158,1648,225000,250000,260000,200000.0,109000.0,739.8,796.7,205.0,32,30,30.0,RESIDENCE,R,R1
2014,region,high_confidence_current_schema,south-east-tablelands,south-east-tablelands,South East & Tablelands,,south-east-tablelands:UNKNOWN,UNKNOWN in South East & Tablelands,,south-east-tablelands:UNKNOWN:UNKNOWN,UNKNOWN (UNKNOWN),8778,4721,855,2229,973,330000.0,385475.0,401070,290000,180000,690.95,739.9,148.5,38.0,36,33,RESIDENCE,R,R2
2015,region,high_confidence_current_schema,central-coast,central-coast,Central Coast,,central-coast:UNKNOWN,UNKNOWN in Central Coast,,central-coast:UNKNOWN:UNKNOWN,UNKNOWN (UNKNOWN),11357,7773,2101,843,640,480000,490000.0,520000,400000,245000,600.05,603.8,181.0,42,42,42,RESIDENCE,R,R2
2015,region,high_confidence_current_schema,central-west-orana,central-west-orana,Central West & Orana,,central-west-orana:UNKNOWN,UNKNOWN in Central West & Orana,,central-west-orana:UNKNOWN:UNKNOWN,UNKNOWN (UNKNOWN),9938,5670,283,2432,1553,260000.0,290000,295000.0,230000,138000.0,701.1,748.4,198.0,42.0,37.0,39,RESIDENCE,R,R1
2015,region,high_confidence_current_schema,far-west,far-west,Far West,,far-west:UNKNOWN,UNKNOWN in Far West,,far-west:UNKNOWN:UNKNOWN,UNKNOWN (UNKNOWN),1098,686,21,206,185,125500.0,130000,130000.0,150000,42803.5,935.8,948.5,186.0,38,35.0,42,RESIDENCE,R,R1
2015,region,high_confidence_current_schema,hunter,hunter,Hunter,,hunter:UNKNOWN,UNKNOWN in Hunter,,hunter:UNKNOWN:UNKNOWN,UNKNOWN (UNKNOWN),22284,13765,3004,4045,1470,380000.0,415000,430000,360000.0,209500,627.4,632.0,195.0,40.0,38,41.0,RESIDENCE,R,R2
2015,region,high_confidence_current_schema,illawarra,illawarra,Illawarra,,illawarra:UNKNOWN,UNKNOWN in Illawarra,,illawarra:UNKNOWN:UNKNOWN,UNKNOWN (UNKNOWN),11990,7595,2174,1592,629,445000.0,470000,490000,420000.0,218000.0,637.5,640.99,187.0,42.0,42,42.0,RESIDENCE,R,R2
2015,region,high_confidence_current_schema,metropolitan-sydney,metropolitan-sydney,Metropolitan Sydney,,metropolitan-sydney:UNKNOWN,UNKNOWN in Metropolitan Sydney,,metropolitan-sydney:UNKNOWN:UNKNOWN,UNKNOWN (UNKNOWN),133509,54325,58129,11885,9170,706000,740000.0,925000,650000,344750,480.8,581.7,106.0,50,46,53.0,RESIDENCE,R,R2
2015,region,high_confidence_current_schema,new-england-north-west,new-england-north-west,New England & North West,,new-england-north-west:UNKNOWN,UNKNOWN in New England & North West,,new-england-north-west:UNKNOWN:UNKNOWN,UNKNOWN (UNKNOWN),5819,3085,181,1593,960,250000,280000.0,285000,230000,95000,695.65,784.2,218.0,36,35,35,RESIDENCE,R,R1
2015,region,high_confidence_current_schema,north-coast,north-coast,North Coast,,north-coast:UNKNOWN,UNKNOWN in North Coast,,north-coast:UNKNOWN:UNKNOWN,UNKNOWN (UNKNOWN),16460,9091,3249,2846,1274,371000.0,400000.0,430000,326500,220000.0,654.0,682.2,227.05,35.0,35,34,RESIDENCE,R,R2
2015,region,high_confidence_current_schema,riverina-murray,riverina-murray,Riverina Murray,,riverina-murray:UNKNOWN,UNKNOWN in Riverina Murray,,riverina-murray:UNKNOWN:UNKNOWN,UNKNOWN (UNKNOWN),9554,4946,758,2347,1503,230000.0,260000.0,270000.0,208000.0,110000,745.25,796.7,213.5,32.0,31.0,30.0,RESIDENCE,R,R1
2015,region,high_confidence_current_schema,south-east-tablelands,south-east-tablelands,South East & Tablelands,,south-east-tablelands:UNKNOWN,UNKNOWN in South East & Tablelands,,south-east-tablelands:UNKNOWN:UNKNOWN,UNKNOWN (UNKNOWN),9937,5709,1035,2464,729,358000,410000.0,437000,315000,195000.0,674.6,730.8,155.0,39,37,34,RESIDENCE,R,R2
2016,region,high_confidence_current_schema,central-coast,central-coast,Central Coast,,central-coast:UNKNOWN,UNKNOWN in Central Coast,,central-coast:UNKNOWN:UNKNOWN,UNKNOWN (UNKNOWN),9572,6399,1745,840,588,525000.0,542000.0,570000,435000,260000.0,588.1,600.7,196.5,42.0,42,42,RESIDENCE,R,R2
2016,region,high_confidence_current_schema,central-west-orana,central-west-orana,Central West & Orana,,central-west-orana:UNKNOWN,UNKNOWN in Central West & Orana,,central-west-orana:UNKNOWN:UNKNOWN,UNKNOWN (UNKNOWN),10282,5636,363,2744,1539,265000.0,303000,310000.0,245000,137000.0,708.2,761.1,214.5,42.0,37.0,35,RESIDENCE,R,R1
2016,region,high_confidence_current_schema,far-west,far-west,Far West,,far-west:UNKNOWN,UNKNOWN in Far West,,far-west:UNKNOWN:UNKNOWN,UNKNOWN (UNKNOWN),1112,584,9,258,261,125300.0,130000,130000.0,115000,10150.0,920.7,978.9,198.0,42.0,36.5,42,RESIDENCE,R,R1
2016,region,high_confidence_current_schema,hunter,hunter,Hunter,,hunter:UNKNOWN,UNKNOWN in Hunter,,hunter:UNKNOWN:UNKNOWN,UNKNOWN (UNKNOWN),22022,13475,3138,3876,1533,408000.0,435000,450000,382500.0,224500.0,620.4,632.3,174.0,41.0,38,42.0,RESIDENCE,R,R2
2016,region,high_confidence_current_schema,illawarra,illawarra,Illawarra,,illawarra:UNKNOWN,UNKNOWN in Illawarra,,illawarra:UNKNOWN:UNKNOWN,UNKNOWN (UNKNOWN),10762,6616,1955,1657,534,500000.0,530000,559000.0,480000,255000,613.4,632.4,189.0,42.0,42.0,42,RESIDENCE,R,R2
2016,region,high_confidence_current_schema,metropolitan-sydney,metropolitan-sydney,Metropolitan Sydney,,metropolitan-sydney:UNKNOWN,UNKNOWN in Metropolitan Sydney,,metropolitan-sydney:UNKNOWN:UNKNOWN,UNKNOWN (UNKNOWN),129059,44485,64376,12473,7725,712500,745000,980000,665000.0,417500,410.3,575.4,105.0,60.0,47.0,145.0,RESIDENCE,R,R2
2016,region,high_confidence_current_schema,new-england-north-west,new-england-north-west,New England & North West,,new-england-north-west:UNKNOWN,UNKNOWN in New England & North West,,new-england-north-west:UNKNOWN:UNKNOWN,UNKNOWN (UNKNOWN),5798,2993,167,1575,1063,255000.0,287250.0,290000,241250,100000,690.0,789.3,179.0,36.0,35,42,RESIDENCE,R,R1
2016,region,high_confidence_current_schema,north-coast,north-coast,North Coast,,north-coast:UNKNOWN,UNKNOWN in North Coast,,north-coast:UNKNOWN:UNKNOWN,UNKNOWN (UNKNOWN),16572,9103,3344,2984,1141,395000.0,430000,460000,356500.0,212000.0,645.0,670.3,193.5,35.0,35,35.0,RESIDENCE,R,R2
2016,region,high_confidence_current_schema,riverina-murray,riverina-murray,Riverina Murray,,riverina-murray:UNKNOWN,UNKNOWN in Riverina Murray,,riverina-murray:UNKNOWN:UNKNOWN,UNKNOWN (UNKNOWN),9132,4818,634,2211,1469,245000.0,272000.0,280000.0,209500.0,123000,747.05,790.4,238.0,34.0,32.0,32.0,RESIDENCE,R,R1
2016,region,high_confidence_current_schema,south-east-tablelands,south-east-tablelands,South East & Tablelands,,south-east-tablelands:UNKNOWN,UNKNOWN in South East & Tablelands,,south-east-tablelands:UNKNOWN:UNKNOWN,UNKNOWN (UNKNOWN),9811,5477,1097,2632,605,365000,430000.0,460000,315000,222750.0,670.3,733.5,157.5,41,37,35,RESIDENCE,R,R2
2017,region,high_confidence_current_schema,central-coast,central-coast,Central Coast,,central-coast:UNKNOWN,UNKNOWN in Central Coast,,central-coast:UNKNOWN:UNKNOWN,UNKNOWN (UNKNOWN),9819,6675,1875,821,448,597500,615000.0,640000,485000,295000,585.3,600.7,162.0,42,42,42,RESIDENCE,R,R2
2017,region,high_confidence_current_schema,central-west-orana,central-west-orana,Central West & Orana,,central-west-orana:UNKNOWN,UNKNOWN in Central West & Orana,,central-west-orana:UNKNOWN:UNKNOWN,UNKNOWN (UNKNOWN),11101,6451,343,2680,1627,290000,325000.0,330000,255000,140000.0,703.0,752.5,219.0,42,38,37,RESIDENCE,R,R1
2017,region,high_confidence_current_schema,far-west,far-west,Far West,,far-west:UNKNOWN,UNKNOWN in Far West,,far-west:UNKNOWN:UNKNOWN,UNKNOWN (UNKNOWN),1263,718,17,240,288,135000,122000,120000.0,135000,50000.0,893.25,903.4,395.0,42,35.0,40,RESIDENCE,R,R1
2017,region,high_confidence_current_schema,hunter,hunter,Hunter,,hunter:UNKNOWN,UNKNOWN in Hunter,,hunter:UNKNOWN:UNKNOWN,UNKNOWN (UNKNOWN),25385,15259,3704,4749,1673,439000,475000,495000,413500.0,240000,625.0,638.6,155.4,42,39,42.0,RESIDENCE,R,R2
2017,region,high_confidence_current_schema,illawarra,illawarra,Illawarra,,illawarra:UNKNOWN,UNKNOWN in Illawarra,,illawarra:UNKNOWN:UNKNOWN,UNKNOWN (UNKNOWN),12007,7027,2436,1988,556,570000,607250,645000,540000.0,275000.0,600.7,632.3,161.0,43,42,46.0,RESIDENCE,R,R2
2017,region,high_confidence_current_schema,metropolitan-sydney,metropolitan-sydney,Metropolitan Sydney,,metropolitan-sydney:UNKNOWN,UNKNOWN in Metropolitan Sydney,,metropolitan-sydney:UNKNOWN:UNKNOWN,UNKNOWN (UNKNOWN),146120,45827,79146,13932,7215,750000.0,785000,1092000,700000.0,440000.0,340.65,569.1,102.0,63,46,172.0,RESIDENCE,R,R2
2017,region,high_confidence_current_schema,new-england-north-west,new-england-north-west,New England & North West,,new-england-north-west:UNKNOWN,UNKNOWN in New England & North West,,new-england-north-west:UNKNOWN:UNKNOWN,UNKNOWN (UNKNOWN),6181,3487,157,1425,1112,277000,296500.0,300000,245000,117000,689.2,771.4,174.0,35.0,34.0,34,RESIDENCE,R,R1
2017,region,high_confidence_current_schema,north-coast,north-coast,North Coast,,north-coast:UNKNOWN,UNKNOWN in North Coast,,north-coast:UNKNOWN:UNKNOWN,UNKNOWN (UNKNOWN),17512,9602,3437,3248,1225,429000.0,465000,500000.0,380000,241750.0,641.6,674.2,243.5,36.0,35.0,35,RESIDENCE,R,R1
2017,region,high_confidence_current_schema,riverina-murray,riverina-murray,Riverina Murray,,riverina-murray:UNKNOWN,UNKNOWN in Riverina Murray,,riverina-murray:UNKNOWN:UNKNOWN,UNKNOWN (UNKNOWN),9756,5334,727,2266,1429,255000.0,282500,290000.0,230000,128450.0,746.2,794.9,258.5,32.0,31.0,31,RESIDENCE,R,R1
2017,region,high_confidence_current_schema,south-east-tablelands,south-east-tablelands,South East & Tablelands,,south-east-tablelands:UNKNOWN,UNKNOWN in South East & Tablelands,,south-east-tablelands:UNKNOWN:UNKNOWN,UNKNOWN (UNKNOWN),10727,5987,1263,2853,624,396500,460000.0,500000,335000,235000,689.2,721.25,169.5,41,39,35,RESIDENCE,R,R2
2018,region,high_confidence_current_schema,central-coast,central-coast,Central Coast,,central-coast:UNKNOWN,UNKNOWN in Central Coast,,central-coast:UNKNOWN:UNKNOWN,UNKNOWN (UNKNOWN),8468,5618,1627,856,367,610000.0,630000,660000.0,510000,340000.0,579.8,600.7,182.0,42.0,42.0,42,RESIDENCE,R,R2
2018,region,high_confidence_current_schema,central-west-orana,central-west-orana,Central West & Orana,,central-west-orana:UNKNOWN,UNKNOWN in Central West & Orana,,central-west-orana:UNKNOWN:UNKNOWN,UNKNOWN (UNKNOWN),10367,6300,319,2241,1507,313000,340000,345000.0,280000,155000,720.8,760.0,199.45,42,38.0,36,RESIDENCE,R,R1
2018,region,high_confidence_current_schema,far-west,far-west,Far West,,far-west:UNKNOWN,UNKNOWN in Far West,,far-west:UNKNOWN:UNKNOWN,UNKNOWN (UNKNOWN),1179,748,17,182,232,148170,137500,135000.0,164000,56307.0,892.2,916.9,224.0,42,38.0,57,RESIDENCE,R,R1
2018,region,high_confidence_current_schema,hunter,hunter,Hunter,,hunter:UNKNOWN,UNKNOWN in Hunter,,hunter:UNKNOWN:UNKNOWN,UNKNOWN (UNKNOWN),23201,14269,3772,3775,1385,465000,505000,523000,449000.0,242000,619.9,638.6,162.0,42,39,42.0,RESIDENCE,R,R2
2018,region,high_confidence_current_schema,illawarra,illawarra,Illawarra,,illawarra:UNKNOWN,UNKNOWN in Illawarra,,illawarra:UNKNOWN:UNKNOWN,UNKNOWN (UNKNOWN),10802,6223,2081,2015,483,595000.0,645000.0,675000,572000,289000,600.7,626.0,185.0,43.0,42,43,RESIDENCE,R,R2
2018,region,high_confidence_current_schema,metropolitan-sydney,metropolitan-sydney,Metropolitan Sydney,,metropolitan-sydney:UNKNOWN,UNKNOWN in Metropolitan Sydney,,metropolitan-sydney:UNKNOWN:UNKNOWN,UNKNOWN (UNKNOWN),113696,41106,55276,11564,5750,790000.0,830000.0,1050000.0,745000.0,445000.0,412.5,562.8,108.0,57,46.0,73.0,RESIDENCE,R,R2
2018,region,high_confidence_current_schema,new-england-north-west,new-england-north-west,New England & North West,,new-england-north-west:UNKNOWN,UNKNOWN in New England & North West,,new-england-north-west:UNKNOWN:UNKNOWN,UNKNOWN (UNKNOWN),5961,3595,204,1264,898,280000,305000,310000,240000.0,94250.0,733.5,796.0,160.0,35,34,36.0,RESIDENCE,R,R1
2018,region,high_confidence_current_schema,north-coast,north-coast,North Coast,,north-coast:UNKNOWN,UNKNOWN in North Coast,,north-coast:UNKNOWN:UNKNOWN,UNKNOWN (UNKNOWN),16047,9118,3078,2809,1042,450000,490000.0,525000.0,405000.0,255000,642.6,676.6,218.0,36,35.0,35.0,RESIDENCE,R,R1
2018,region,high_confidence_current_schema,riverina-murray,riverina-murray,Riverina Murray,,riverina-murray:UNKNOWN,UNKNOWN in Riverina Murray,,riverina-murray:UNKNOWN:UNKNOWN,UNKNOWN (UNKNOWN),9646,5467,665,2257,1257,255000.0,285000.0,300000,215000,135000,758.8,796.7,242.0,33.0,31,30,RESIDENCE,R,R1
2018,region,high_confidence_current_schema,south-east-tablelands,south-east-tablelands,South East & Tablelands,,south-east-tablelands:UNKNOWN,UNKNOWN in South East & Tablelands,,south-east-tablelands:UNKNOWN:UNKNOWN,UNKNOWN (UNKNOWN),11141,5836,1417,3132,756,410000,490000,540000.0,350000,271750.0,670.3,714.5,172.0,42,40.0,35,RESIDENCE,R,R2
2019,region,high_confidence_current_schema,central-coast,central-coast,Central Coast,,central-coast:UNKNOWN,UNKNOWN in Central Coast,,central-coast:UNKNOWN:UNKNOWN,UNKNOWN (UNKNOWN),7583,4968,1856,370,389,590000,600000.0,630000.0,500216.0,330000.0,569.1,600.7,128.25,42,42.0,43.0,RESIDENCE,R,R2
2019,region,high_confidence_current_schema,central-west-orana,central-west-orana,Central West & Orana,,central-west-orana:UNKNOWN,UNKNOWN in Central West & Orana,,central-west-orana:UNKNOWN:UNKNOWN,UNKNOWN (UNKNOWN),8455,5331,279,1635,1210,325000,350000.0,355000,270000,145000,716.7,766.41,205.0,40,36,35,RESIDENCE,R,R1
2019,region,high_confidence_current_schema,far-west,far-west,Far West,,far-west:UNKNOWN,UNKNOWN in Far West,,far-west:UNKNOWN:UNKNOWN,UNKNOWN (UNKNOWN),1007,677,13,156,161,135000,135000.0,133000,175000,83233.0,916.85,916.9,365.0,36,32,37,RESIDENCE,R,R1
2019,region,high_confidence_current_schema,hunter,hunter,Hunter,,hunter:UNKNOWN,UNKNOWN in Hunter,,hunter:UNKNOWN:UNKNOWN,UNKNOWN (UNKNOWN),19610,12627,3037,2747,1199,470000.0,500000.0,515000,460000,252000,611.2,639.6,163.0,41.0,36,42,RESIDENCE,R,R2
2019,region,high_confidence_current_schema,illawarra,illawarra,Illawarra,,illawarra:UNKNOWN,UNKNOWN in Illawarra,,illawarra:UNKNOWN:UNKNOWN,UNKNOWN (UNKNOWN),9557,5850,1905,1400,402,575000,610000,635000.0,545000,342250.0,581.7,619.7,189.0,42.0,42.0,42.0,RESIDENCE,R,R2
2019,region,high_confidence_current_schema,metropolitan-sydney,metropolitan-sydney,Metropolitan Sydney,,metropolitan-sydney:UNKNOWN,UNKNOWN in Metropolitan Sydney,,metropolitan-sydney:UNKNOWN:UNKNOWN,UNKNOWN (UNKNOWN),108584,39715,57211,6976,4682,780000.0,800000.0,958000,730000,450000.0,407.0,560.2,108.0,50.0,44,63,RESIDENCE,R,R2
2019,region,high_confidence_current_schema,new-england-north-west,new-england-north-west,New England & North West,,new-england-north-west:UNKNOWN,UNKNOWN in New England & North West,,new-england-north-west:UNKNOWN:UNKNOWN,UNKNOWN (UNKNOWN),4437,2767,148,800,722,282500,295000,300000,237500.0,95000.0,727.55,793.85,208.7,35,32,31.0,RESIDENCE,R,R1
2019,region,high_confidence_current_schema,north-coast,north-coast,North Coast,,north-coast:UNKNOWN,UNKNOWN in North Coast,,north-coast:UNKNOWN:UNKNOWN,UNKNOWN (UNKNOWN),13683,7764,2969,2131,819,465000,500000,530000.0,432500,258360,630.0,672.9,199.0,35,35.0,35,RESIDENCE,R,R1
2019,region,high_confidence_current_schema,riverina-murray,riverina-murray,Riverina Murray,,riverina-murray:UNKNOWN,UNKNOWN in Riverina Murray,,riverina-murray:UNKNOWN:UNKNOWN,UNKNOWN (UNKNOWN),7876,4677,505,1613,1081,270000.0,295250.0,310000,225000,135000,764.4,800.7,250.5,32.0,30,30,RESIDENCE,R,R1
2019,region,high_confidence_current_schema,south-east-tablelands,south-east-tablelands,South East & Tablelands,,south-east-tablelands:UNKNOWN,UNKNOWN in South East & Tablelands,,south-east-tablelands:UNKNOWN:UNKNOWN,UNKNOWN (UNKNOWN),8796,5030,1157,2011,598,440000.0,500000,550000.0,360000,230000,700.0,724.65,183.0,40,36,32,RESIDENCE,R,R2
2020,region,high_confidence_current_schema,central-coast,central-coast,Central Coast,,central-coast:UNKNOWN,UNKNOWN in Central Coast,,central-coast:UNKNOWN:UNKNOWN,UNKNOWN (UNKNOWN),8520,5798,1872,536,314,628025.0,645500.0,680000.0,520000.0,349000.0,567.7,600.0,127.0,42,42,42.0,RESIDENCE,R,R2
2020,region,high_confidence_current_schema,central-west-orana,central-west-orana,Central West & Orana,,central-west-orana:UNKNOWN,UNKNOWN in Central West & Orana,,central-west-orana:UNKNOWN:UNKNOWN,UNKNOWN (UNKNOWN),9492,6081,298,1906,1207,340000.0,370000,379000,295000.0,162000.0,722.6,765.1,212.5,40.0,36,36.0,RESIDENCE,R,R1
2020,region,high_confidence_current_schema,far-west,far-west,Far West,,far-west:UNKNOWN,UNKNOWN in Far West,,far-west:UNKNOWN:UNKNOWN,UNKNOWN (UNKNOWN),1084,654,17,208,205,137000.0,140000,139000.0,190000,110000.0,880.0,904.25,177.0,40.0,34.0,79,RESIDENCE,R,R1
2020,region,high_confidence_current_schema,hunter,hunter,Hunter,,hunter:UNKNOWN,UNKNOWN in Hunter,,hunter:UNKNOWN:UNKNOWN,UNKNOWN (UNKNOWN),21928,14233,3364,3237,1094,489000.0,525000,540000,465250.0,255000,609.6,633.4,161.0,42.0,39,42.0,RESIDENCE,R,R2
2020,region,high_confidence_current_schema,illawarra,illawarra,Illawarra,,illawarra:UNKNOWN,UNKNOWN in Illawarra,,illawarra:UNKNOWN:UNKNOWN,UNKNOWN (UNKNOWN),10585,6544,2541,1176,324,615000,640000,680000.0,570000,336250.0,581.7,614.65,159.0,42,42.0,42,RESIDENCE,R,R2
2020,region,high_confidence_current_schema,metropolitan-sydney,metropolitan-sydney,Metropolitan Sydney,,metropolitan-sydney:UNKNOWN,UNKNOWN in Metropolitan Sydney,,metropolitan-sydney:UNKNOWN:UNKNOWN,UNKNOWN (UNKNOWN),106683,44104,51367,7177,4035,800000,830000,1032000.0,730000,440000,399.0,556.4,111.9,45.0,44,47,RESIDENCE,R,R2
2020,region,high_confidence_current_schema,new-england-north-west,new-england-north-west,New England & North West,,new-england-north-west:UNKNOWN,UNKNOWN in New England & North West,,new-england-north-west:UNKNOWN:UNKNOWN,UNKNOWN (UNKNOWN),5244,3391,175,859,819,300000.0,310000.0,310000,289000,125000,731.3,796.7,187.0,35.0,33,35,RESIDENCE,R,R1
2020,region,high_confidence_current_schema,north-coast,north-coast,North Coast,,north-coast:UNKNOWN,UNKNOWN in North Coast,,north-coast:UNKNOWN:UNKNOWN,UNKNOWN (UNKNOWN),14753,8787,2970,2171,825,500000,545000,573000,460000.0,279000,629.05,670.3,194.0,35,35,35.0,RESIDENCE,R,R1
2020,region,high_confidence_current_schema,riverina-murray,riverina-murray,Riverina Murray,,riverina-murray:UNKNOWN,UNKNOWN in Riverina Murray,,riverina-murray:UNKNOWN:UNKNOWN,UNKNOWN (UNKNOWN),8858,5341,565,1909,1043,278000.0,310000.0,322500,227500,147500,761.9,796.0,186.0,33.0,31,30,RESIDENCE,R,R1
2020,region,high_confidence_current_schema,south-east-tablelands,south-east-tablelands,South East & Tablelands,,south-east-tablelands:UNKNOWN,UNKNOWN in South East & Tablelands,,south-east-tablelands:UNKNOWN:UNKNOWN,UNKNOWN (UNKNOWN),9862,6043,1158,1967,694,480000.0,550000,590000,390000.0,260000,694.95,727.2,199.0,40.0,38,32.0,RESIDENCE,R,R2
2021,region,high_confidence_current_schema,central-coast,central-coast,Central Coast,,central-coast:UNKNOWN,UNKNOWN in Central Coast,,central-coast:UNKNOWN:UNKNOWN,UNKNOWN (UNKNOWN),10192,7271,2138,367,416,785000.0,790000,850000,605000.0,486000,575.4,600.7,159.0,43.0,44,42.0,RESIDENCE,R,R2
2021,region,high_confidence_current_schema,central-west-orana,central-west-orana,Central West & Orana,,central-west-orana:UNKNOWN,UNKNOWN in Central West & Orana,,central-west-orana:UNKNOWN:UNKNOWN,UNKNOWN (UNKNOWN),11759,7850,403,1875,1631,395000,415000,420000.0,330000,184000,736.65,771.4,200.0,42,42,42,RESIDENCE,R,R1
2021,region,high_confidence_current_schema,far-west,far-west,Far West,,far-west:UNKNOWN,UNKNOWN in Far West,,far-west:UNKNOWN:UNKNOWN,UNKNOWN (UNKNOWN),1425,996,12,187,230,152460,146564.0,145500.0,159500.0,80000,878.4,872.6,426.0,42,42.0,37.5,RESIDENCE,R,R1
2021,region,high_confidence_current_schema,hunter,hunter,Hunter,,hunter:UNKNOWN,UNKNOWN in Hunter,,hunter:UNKNOWN:UNKNOWN,UNKNOWN (UNKNOWN),27755,17875,4574,3747,1559,585000,620000,650000,528100.0,275000,612.9,632.3,174.0,42,42,42.0,RESIDENCE,R,R2
2021,region,high_confidence_current_schema,illawarra,illawarra,Illawarra,,illawarra:UNKNOWN,UNKNOWN in Illawarra,,illawarra:UNKNOWN:UNKNOWN,UNKNOWN (UNKNOWN),12215,7845,2731,1149,490,730000,755000.0,820000,622500,354000,596.95,623.1,177.0,42,42,42,RESIDENCE,R,R2
2021,region,high_confidence_current_schema,metropolitan-sydney,metropolitan-sydney,Metropolitan Sydney,,metropolitan-sydney:UNKNOWN,UNKNOWN in Metropolitan Sydney,,metropolitan-sydney:UNKNOWN:UNKNOWN,UNKNOWN (UNKNOWN),128234,57294,58269,7652,5019,914500.0,944000,1251000.0,784000,470000.0,404.7,556.4,114.0,45.0,49,43.0,RESIDENCE,R,R2
2021,region,high_confidence_current_schema,new-england-north-west,new-england-north-west,New England & North West,,new-england-north-west:UNKNOWN,UNKNOWN in New England & North West,,new-england-north-west:UNKNOWN:UNKNOWN,UNKNOWN (UNKNOWN),7937,5278,348,1220,1091,331000,340000.0,345000.0,290000.0,145000.0,734.6,777.8,143.5,37,35.0,41.0,RESIDENCE,R,R1
2021,region,high_confidence_current_schema,north-coast,north-coast,North Coast,,north-coast:UNKNOWN,UNKNOWN in North Coast,,north-coast:UNKNOWN:UNKNOWN,UNKNOWN (UNKNOWN),17561,10731,3559,2114,1157,630000,666666.5,717000,550000,310000.0,626.5,666.2,204.0,42.0,42,39,RESIDENCE,R,R1
2021,region,high_confidence_current_schema,riverina-murray,riverina-murray,Riverina Murray,,riverina-murray:UNKNOWN,UNKNOWN in Riverina Murray,,riverina-murray:UNKNOWN:UNKNOWN,UNKNOWN (UNKNOWN),10898,6526,797,2221,1354,332500.0,360000,375000.0,260000,160000,764.45,795.7,192.0,38.0,35.0,34,RESIDENCE,R,R1
2021,region,high_confidence_current_schema,south-east-tablelands,south-east-tablelands,South East & Tablelands,,south-east-tablelands:UNKNOWN,UNKNOWN in South East & Tablelands,,south-east-tablelands:UNKNOWN:UNKNOWN,UNKNOWN (UNKNOWN),12215,7462,1529,2409,815,580000,650000,700000.0,467000,291000,695.6,723.95,204.0,42,42.0,36,RESIDENCE,R,R2
2022,region,high_confidence_current_schema,central-coast,central-coast,Central Coast,,central-coast:UNKNOWN,UNKNOWN in Central Coast,,central-coast:UNKNOWN:UNKNOWN,UNKNOWN (UNKNOWN),7974,5563,1630,391,390,874500.0,890000,955000,665000.0,366500,575.4,600.7,165.0,44.0,45,42.0,RESIDENCE,R,R2
2022,region,high_confidence_current_schema,central-west-orana,central-west-orana,Central West & Orana,,central-west-orana:UNKNOWN,UNKNOWN in Central West & Orana,,central-west-orana:UNKNOWN:UNKNOWN,UNKNOWN (UNKNOWN),10001,6528,322,1733,1418,460000,500000.0,510000.0,392500.0,212900,747.4,782.3,179.0,42,42.0,42.0,RESIDENCE,R,R1
2022,region,high_confidence_current_schema,far-west,far-west,Far West,,far-west:UNKNOWN,UNKNOWN in Far West,,far-west:UNKNOWN:UNKNOWN,UNKNOWN (UNKNOWN),1533,1090,26,196,221,195000,190000.0,190000.0,207500.0,118500.0,923.2,918.32,224.0,42,42.0,42.0,RESIDENCE,R,R1
2022,region,high_confidence_current_schema,hunter,hunter,Hunter,,hunter:UNKNOWN,UNKNOWN in Hunter,,hunter:UNKNOWN:UNKNOWN,UNKNOWN (UNKNOWN),22056,14518,3750,2500,1288,688750.0,720000.0,750750.0,590450.0,340000.0,607.0,635.9,160.0,42.0,42.0,42.0,RESIDENCE,R,R2
2022,region,high_confidence_current_schema,illawarra,illawarra,Illawarra,,illawarra:UNKNOWN,UNKNOWN in Illawarra,,illawarra:UNKNOWN:UNKNOWN,UNKNOWN (UNKNOWN),10091,6257,2317,954,563,848000,857000.0,950000,690000,600000.0,575.4,619.7,161.0,45,43,43,RESIDENCE,R,R2
2022,region,high_confidence_current_schema,metropolitan-sydney,metropolitan-sydney,Metropolitan Sydney,,metropolitan-sydney:UNKNOWN,UNKNOWN in Metropolitan Sydney,,metropolitan-sydney:UNKNOWN:UNKNOWN,UNKNOWN (UNKNOWN),104119,47795,46398,5479,4447,995000,1020000,1390000,775000.0,584990,404.8,557.33,111.0,46,52,42.0,RESIDENCE,R,R2
2022,region,high_confidence_current_schema,new-england-north-west,new-england-north-west,New England & North West,,new-england-north-west:UNKNOWN,UNKNOWN in New England & North West,,new-england-north-west:UNKNOWN:UNKNOWN,UNKNOWN (UNKNOWN),7240,4752,280,1139,1069,385000.0,395000.0,402000.0,320000.0,156000,763.7,800.3,126.5,42.0,39.0,42.0,RESIDENCE,R,R1
2022,region,high_confidence_current_schema,north-coast,north-coast,North Coast,,north-coast:UNKNOWN,UNKNOWN in North Coast,,north-coast:UNKNOWN:UNKNOWN,UNKNOWN (UNKNOWN),13788,8071,2972,1840,905,715000.0,775000,835000,640000.0,335000.0,617.8,664.25,194.0,42.0,42,42.0,RESIDENCE,R,R1
2022,region,high_confidence_current_schema,riverina-murray,riverina-murray,Riverina Murray,,riverina-murray:UNKNOWN,UNKNOWN in Riverina Murray,,riverina-murray:UNKNOWN:UNKNOWN,UNKNOWN (UNKNOWN),8993,5438,671,1706,1178,405000,435000,450000.0,305000,199000.0,771.4,803.0,172.0,41,36.0,35,RESIDENCE,R,R1
2022,region,high_confidence_current_schema,south-east-tablelands,south-east-tablelands,South East & Tablelands,,south-east-tablelands:UNKNOWN,UNKNOWN in South East & Tablelands,,south-east-tablelands:UNKNOWN:UNKNOWN,UNKNOWN (UNKNOWN),10140,6154,1386,1897,703,686000.0,762250.0,839000.0,549000.0,382000,673.5,720.8,174.0,42.0,42.0,42.0,RESIDENCE,R,R2
2023,region,high_confidence_current_schema,central-coast,central-coast,Central Coast,,central-coast:UNKNOWN,UNKNOWN in Central Coast,,central-coast:UNKNOWN:UNKNOWN,UNKNOWN (UNKNOWN),7575,5223,1556,464,332,825000,850000,900000,660000.0,528750.0,568.0,590.15,164.0,42,42,42.0,RESIDENCE,R,R2
2023,region,high_confidence_current_schema,central-west-orana,central-west-orana,Central West & Orana,,central-west-orana:UNKNOWN,UNKNOWN in Central West & Orana,,central-west-orana:UNKNOWN:UNKNOWN,UNKNOWN (UNKNOWN),8272,5309,291,1423,1249,480000.0,510000.0,520000,430000,200000,735.81,780.2,220.0,42.0,37,35,RESIDENCE,R,R1
2023,region,high_confidence_current_schema,far-west,far-west,Far West,,far-west:UNKNOWN,UNKNOWN in Far West,,far-west:UNKNOWN:UNKNOWN,UNKNOWN (UNKNOWN),1503,962,14,291,236,180000,190000.0,190000.0,262500.0,50000,914.5,885.2,125.0,42,42.0,44.0,RESIDENCE,R,R1
2023,region,high_confidence_current_schema,hunter,hunter,Hunter,,hunter:UNKNOWN,UNKNOWN in Hunter,,hunter:UNKNOWN:UNKNOWN,UNKNOWN (UNKNOWN),19798,12853,3156,2808,981,675000.0,715000,750000,612250.0,380000.0,600.5,626.0,185.0,42.0,42,42.0,RESIDENCE,R,R2
2023,region,high_confidence_current_schema,illawarra,illawarra,Illawarra,,illawarra:UNKNOWN,UNKNOWN in Illawarra,,illawarra:UNKNOWN:UNKNOWN,UNKNOWN (UNKNOWN),8844,5654,2085,791,314,820000.0,850000,905000.0,720000,484500,575.4,612.3,172.0,42.0,42.0,42,RESIDENCE,R,R2
2023,region,high_confidence_current_schema,metropolitan-sydney,metropolitan-sydney,Metropolitan Sydney,,metropolitan-sydney:UNKNOWN,UNKNOWN in Metropolitan Sydney,,metropolitan-sydney:UNKNOWN:UNKNOWN,UNKNOWN (UNKNOWN),103049,44655,48553,5658,4183,977000,1000650.5,1380000,799000,610500.0,365.3,556.4,111.0,44.0,46.0,42,RESIDENCE,R,R2
2023,region,high_confidence_current_schema,new-england-north-west,new-england-north-west,New England & North West,,new-england-north-west:UNKNOWN,UNKNOWN in New England & North West,,new-england-north-west:UNKNOWN:UNKNOWN,UNKNOWN (UNKNOWN),5621,3701,227,917,776,400000,420000.0,425000,325000,179000,760.5,800.5,193.0,40,36,35,RESIDENCE,R,R1
2023,region,high_confidence_current_schema,north-coast,north-coast,North Coast,,north-coast:UNKNOWN,UNKNOWN in North Coast,,north-coast:UNKNOWN:UNKNOWN,UNKNOWN (UNKNOWN),12443,7604,2597,1446,796,720000,750000,795500.0,640000,390000.0,629.75,670.9,204.5,40,38.0,35,RESIDENCE,R,R2
2023,region,high_confidence_current_schema,riverina-murray,riverina-murray,Riverina Murray,,riverina-murray:UNKNOWN,UNKNOWN in Riverina Murray,,riverina-murray:UNKNOWN:UNKNOWN,UNKNOWN (UNKNOWN),8057,4684,655,1682,1036,425000,465000,486500.0,330000,220000.0,774.35,799.9,196.5,39,32.0,31,RESIDENCE,R,R1
2023,region,high_confidence_current_schema,south-east-tablelands,south-east-tablelands,South East & Tablelands,,south-east-tablelands:UNKNOWN,UNKNOWN in South East & Tablelands,,south-east-tablelands:UNKNOWN:UNKNOWN,UNKNOWN (UNKNOWN),8391,5137,1101,1571,582,695000,755000.0,810000,565000,397000,660.0,720.8,208.0,42,42,37,RESIDENCE,R,R2
2024,region,high_confidence_current_schema,central-coast,central-coast,Central Coast,,central-coast:UNKNOWN,UNKNOWN in Central Coast,,central-coast:UNKNOWN:UNKNOWN,UNKNOWN (UNKNOWN),7969,5513,1789,310,357,880000,892150.0,955000,679875,477500.0,569.1,594.4,151.0,42,42,42,RESIDENCE,R,R2
2024,region,high_confidence_current_schema,central-west-orana,central-west-orana,Central West & Orana,,central-west-orana:UNKNOWN,UNKNOWN in Central West & Orana,,central-west-orana:UNKNOWN:UNKNOWN,UNKNOWN (UNKNOWN),8582,5849,315,1233,1185,520000.0,540000.0,550000,455000,235000,701.8,751.7,203.5,41.0,38,36,RESIDENCE,R,R1
2024,region,high_confidence_current_schema,far-west,far-west,Far West,,far-west:UNKNOWN,UNKNOWN in Far West,,far-west:UNKNOWN:UNKNOWN,UNKNOWN (UNKNOWN),1260,903,13,191,153,195000.0,202000.0,203000,190000,119000,891.6,869.45,196.0,42.0,39,30,RESIDENCE,R,R1
2024,region,high_confidence_current_schema,hunter,hunter,Hunter,,hunter:UNKNOWN,UNKNOWN in Hunter,,hunter:UNKNOWN:UNKNOWN,UNKNOWN (UNKNOWN),21236,13824,3762,2456,1194,725000.0,760000.0,800000.0,647750.0,370000.0,595.0,626.0,164.0,42.0,42.0,42.0,RESIDENCE,R,R2
2024,region,high_confidence_current_schema,illawarra,illawarra,Illawarra,,illawarra:UNKNOWN,UNKNOWN in Illawarra,,illawarra:UNKNOWN:UNKNOWN,UNKNOWN (UNKNOWN),10249,6329,2636,833,451,850000,870000,950000,735000.0,490000,557.82,607.0,160.0,42,42,42.0,RESIDENCE,R,R2
2024,region,high_confidence_current_schema,metropolitan-sydney,metropolitan-sydney,Metropolitan Sydney,,metropolitan-sydney:UNKNOWN,UNKNOWN in Metropolitan Sydney,,metropolitan-sydney:UNKNOWN:UNKNOWN,UNKNOWN (UNKNOWN),128634,49084,70521,4732,4297,970000.0,985000,1500000.0,781000,676913.5,288.9,556.4,107.0,44.0,46.0,43,RESIDENCE,R,R2
2024,region,high_confidence_current_schema,new-england-north-west,new-england-north-west,New England & North West,,new-england-north-west:UNKNOWN,UNKNOWN in New England & North West,,new-england-north-west:UNKNOWN:UNKNOWN,UNKNOWN (UNKNOWN),5454,3815,216,706,717,435500.0,443000,450000,350000.0,190000.0,743.65,785.8,151.5,37.0,36,39.5,RESIDENCE,R,R1
2024,region,high_confidence_current_schema,north-coast,north-coast,North Coast,,north-coast:UNKNOWN,UNKNOWN in North Coast,,north-coast:UNKNOWN:UNKNOWN,UNKNOWN (UNKNOWN),13910,8550,3145,1439,776,750000.0,785000,821500.0,699000,429000,619.7,670.0,208.0,40.0,39.0,35,RESIDENCE,R,R1
2024,region,high_confidence_current_schema,riverina-murray,riverina-murray,Riverina Murray,,riverina-murray:UNKNOWN,UNKNOWN in Riverina Murray,,riverina-murray:UNKNOWN:UNKNOWN,UNKNOWN (UNKNOWN),7712,4909,616,1225,962,475500.0,495000,525000,342000.0,220000,760.0,794.5,176.5,35.0,33,31.0,RESIDENCE,R,R1
2024,region,high_confidence_current_schema,south-east-tablelands,south-east-tablelands,South East & Tablelands,,south-east-tablelands:UNKNOWN,UNKNOWN in South East & Tablelands,,south-east-tablelands:UNKNOWN:UNKNOWN,UNKNOWN (UNKNOWN),9063,5608,1315,1557,583,730000,780000,830000.0,580000,446000,670.2,708.2,191.0,42,42.0,41,RESIDENCE,R,R2
2025,region,high_confidence_current_schema,central-coast,central-coast,Central Coast,,central-coast:UNKNOWN,UNKNOWN in Central Coast,,central-coast:UNKNOWN:UNKNOWN,UNKNOWN (UNKNOWN),10024,6903,2194,368,559,920000.0,940000,1015000,710000.0,580000.0,562.8,588.1,148.0,42.0,42,42.0,RESIDENCE,R,R2
2025,region,high_confidence_current_schema,central-west-orana,central-west-orana,Central West & Orana,,central-west-orana:UNKNOWN,UNKNOWN in Central West & Orana,,central-west-orana:UNKNOWN:UNKNOWN,UNKNOWN (UNKNOWN),10602,7664,416,1252,1270,555000.0,570000.0,585000.0,445000.0,269500.0,730.3,758.8,199.0,41.0,38.0,35.0,RESIDENCE,R,R1
2025,region,high_confidence_current_schema,far-west,far-west,Far West,,far-west:UNKNOWN,UNKNOWN in Far West,,far-west:UNKNOWN:UNKNOWN,UNKNOWN (UNKNOWN),1505,1104,12,245,144,225000,227000.0,226000.0,280000.0,167000,927.0,898.9,262.0,42,37.0,60.0,RESIDENCE,R,R1
2025,region,high_confidence_current_schema,hunter,hunter,Hunter,,hunter:UNKNOWN,UNKNOWN in Hunter,,hunter:UNKNOWN:UNKNOWN,UNKNOWN (UNKNOWN),25692,17484,4198,2699,1311,790000.0,812000.0,850000.0,680000.0,410000,600.2,619.7,180.5,42.0,42.0,42.0,RESIDENCE,R,R2
2025,region,high_confidence_current_schema,illawarra,illawarra,Illawarra,,illawarra:UNKNOWN,UNKNOWN in Illawarra,,illawarra:UNKNOWN:UNKNOWN,UNKNOWN (UNKNOWN),12885,8250,3102,1061,472,885000,910000.0,990000.0,770000.0,470000,564.5,607.0,168.0,42,42.0,42.0,RESIDENCE,R,R2
2025,region,high_confidence_current_schema,metropolitan-sydney,metropolitan-sydney,Metropolitan Sydney,,metropolitan-sydney:UNKNOWN,UNKNOWN in Metropolitan Sydney,,metropolitan-sydney:UNKNOWN:UNKNOWN,UNKNOWN (UNKNOWN),132321,59240,62036,6232,4813,1120000,1150000.0,1580000.0,843000.0,696000.0,375.0,556.0,111.0,43,46.0,42.0,RESIDENCE,R,R2
2025,region,high_confidence_current_schema,new-england-north-west,new-england-north-west,New England & North West,,new-england-north-west:UNKNOWN,UNKNOWN in New England & North West,,new-england-north-west:UNKNOWN:UNKNOWN,UNKNOWN (UNKNOWN),7138,5066,313,861,898,479000.0,485000,499000.0,360000,212000,746.1,784.9,197.5,38,36.0,36,RESIDENCE,R,R1
2025,region,high_confidence_current_schema,north-coast,north-coast,North Coast,,north-coast:UNKNOWN,UNKNOWN in North Coast,,north-coast:UNKNOWN:UNKNOWN,UNKNOWN (UNKNOWN),16721,10552,3968,1281,920,805000,825000.0,869000.0,735000.0,415000,620.9,669.05,196.5,38,38.0,36.0,RESIDENCE,R,R1
2025,region,high_confidence_current_schema,riverina-murray,riverina-murray,Riverina Murray,,riverina-murray:UNKNOWN,UNKNOWN in Riverina Murray,,riverina-murray:UNKNOWN:UNKNOWN,UNKNOWN (UNKNOWN),9875,6587,719,1512,1057,520000,555000.0,579000,380000,250000.0,769.0,794.6,204.0,35.0,33,32,RESIDENCE,R,R1
2025,region,high_confidence_current_schema,south-east-tablelands,south-east-tablelands,South East & Tablelands,,south-east-tablelands:UNKNOWN,UNKNOWN in South East & Tablelands,,south-east-tablelands:UNKNOWN:UNKNOWN,UNKNOWN (UNKNOWN),10639,7216,1425,1286,712,769000,802000,855000.0,585000,425000.0,689.2,706.25,218.0,42.0,42.0,33,RESIDENCE,R,R2
2026,region,high_confidence_current_schema,central-coast,central-coast,Central Coast,,central-coast:UNKNOWN,UNKNOWN in Central Coast,,central-coast:UNKNOWN:UNKNOWN,UNKNOWN (UNKNOWN),4630,2931,1296,220,183,955000.0,972000,1100000,750000.0,549950.0,556.4,594.4,127.0,45,44.0,47.5,RESIDENCE,R,R2
2026,region,high_confidence_current_schema,central-west-orana,central-west-orana,Central West & Orana,,central-west-orana:UNKNOWN,UNKNOWN in Central West & Orana,,central-west-orana:UNKNOWN:UNKNOWN,UNKNOWN (UNKNOWN),5036,3552,182,632,670,611000.0,630000.0,647000.0,488250.0,270000.0,706.8,752.1,198.0,42,42.0,40.5,RESIDENCE,R,R1
2026,region,high_confidence_current_schema,far-west,far-west,Far West,,far-west:UNKNOWN,UNKNOWN in Far West,,far-west:UNKNOWN:UNKNOWN,UNKNOWN (UNKNOWN),756,541,6,119,90,248250.0,250000,250000,195000.0,180000,949.75,910.5,158.0,42.0,42,49.5,RESIDENCE,R,R1
2026,region,high_confidence_current_schema,hunter,hunter,Hunter,,hunter:UNKNOWN,UNKNOWN in Hunter,,hunter:UNKNOWN:UNKNOWN,UNKNOWN (UNKNOWN),11637,7640,1907,1356,734,837000,867000,900000.0,731000,445250.0,600.0,623.9,165.0,42,42,42,RESIDENCE,R,R2
2026,region,high_confidence_current_schema,illawarra,illawarra,Illawarra,,illawarra:UNKNOWN,UNKNOWN in Illawarra,,illawarra:UNKNOWN:UNKNOWN,UNKNOWN (UNKNOWN),5338,3399,1277,468,194,940000.0,970000.0,1100000,800000,490000.0,569.1,614.3,189.0,42,42,42,RESIDENCE,R,R2
2026,region,high_confidence_current_schema,metropolitan-sydney,metropolitan-sydney,Metropolitan Sydney,,metropolitan-sydney:UNKNOWN,UNKNOWN in Metropolitan Sydney,,metropolitan-sydney:UNKNOWN:UNKNOWN,UNKNOWN (UNKNOWN),54829,23265,26296,3143,2125,1175000,1210000,1660000,870000.0,685000,369.1,556.4,111.0,45.0,51,42,RESIDENCE,R,R2
2026,region,high_confidence_current_schema,new-england-north-west,new-england-north-west,New England & North West,,new-england-north-west:UNKNOWN,UNKNOWN in New England & North West,,new-england-north-west:UNKNOWN:UNKNOWN,UNKNOWN (UNKNOWN),3283,2307,167,411,398,550000,560000.0,575000,385000,280000,745.35,796.7,142.0,42,42,42,RESIDENCE,R,R1
2026,region,high_confidence_current_schema,north-coast,north-coast,North Coast,,north-coast:UNKNOWN,UNKNOWN in North Coast,,north-coast:UNKNOWN:UNKNOWN,UNKNOWN (UNKNOWN),7810,4858,1701,822,429,848485.0,875000,905000.0,780000,550000.0,616.8,665.2,202.0,42.0,42.0,37,RESIDENCE,R,R1
2026,region,high_confidence_current_schema,riverina-murray,riverina-murray,Riverina Murray,,riverina-murray:UNKNOWN,UNKNOWN in Riverina Murray,,riverina-murray:UNKNOWN:UNKNOWN,UNKNOWN (UNKNOWN),4523,2939,311,724,549,575000,615000.0,635000,410000,270000.0,762.8,795.7,193.0,41,37,34,RESIDENCE,R,R1
2026,region,high_confidence_current_schema,south-east-tablelands,south-east-tablelands,South East & Tablelands,,south-east-tablelands:UNKNOWN,UNKNOWN in South East & Tablelands,,south-east-tablelands:UNKNOWN:UNKNOWN,UNKNOWN (UNKNOWN),4985,3245,749,649,342,790000,825000.0,890000,620000,479000,651.3,703.15,198.5,42.0,42,36,RESIDENCE,R,R2
